1,0.41463,0.2564,0.6498,0.41415,0.25696,0.22046,0.11655,0.23119,0.4128,0.36541,0.33986,0.32869,0.40981,0.31585,0.19326,0.2002,0.2551,0.32038,0.06604,0.18999,0.18064,0.12117,0.42639,0.28279,0.26726,0.33614,0.30396,0.19858,0.35793,0.23089,0.3016,0.50416,0.41737,0.32598,0.48741,0.36485,0.33515,0.43858,0.62286,0.45138,0.42358,0.35514,0.30326,0.23258,0.31145,0.39159,0.26844,0.49425,0.38518,0.23864,0.50868,0.47267,0.15611,0.27024,0.2112,0.41231,0.4133,0.27107,0.27114,0.30591,0.2933,0.25385,0.40484,0.34326,0.37622,0.43747,0.33946,0.3038,0.32546,0.28634,0.23838,0.099973,0.32128,0.34452,0.23296,0.048207,0.3414,0.46949,0.53096,0.43408,0.47017,0.33239,0.43697,0.48648,0.31104,0.43776,0.45842,0.22482,0.3308,0.29262,0.27208,0.33616,0.45929,0.21287,0.35538,0.15153,0.29732,0.3583,0.35082
0.41463,1,0.82344,0.25424,0.72841,0.78944,0.61511,0.20901,0.51026,0.70901,0.92982,0.92214,0.52583,0.74792,0.57202,0.5048,0.64547,0.65046,0.83059,0.32692,0.56194,0.57197,0.4298,0.73608,0.82486,0.46595,0.90734,0.86674,0.50631,0.51461,0.83175,0.37547,0.58871,0.80179,0.90589,0.77916,0.9258,0.34652,0.28998,0.62377,0.76187,0.88868,0.87126,0.88776,0.74361,0.89035,0.59689,0.79512,0.88825,0.94197,0.5476,0.50846,0.87299,0.71561,0.89223,0.84264,0.77882,0.70569,0.83518,0.71443,0.59875,0.40485,0.50455,0.89419,0.93763,0.90211,0.62497,0.88422,0.89205,0.93282,0.87325,0.86945,0.19041,0.90657,0.94126,0.46776,0.15131,0.43365,0.5233,0.74185,0.77992,0.82543,0.90288,0.78805,0.76133,0.73354,0.75151,0.8646,0.68159,0.90499,0.28666,0.37755,0.91193,0.9201,0.80267,0.32465,0.50562,0.88919,0.77438,0.82539
0.2564,0.82344,1,0.10566,0.57179,0.76259,0.58461,0.14481,0.45211,0.59805,0.83597,0.84714,0.3704,0.58607,0.48394,0.46973,0.6975,0.64229,0.79622,0.13794,0.70532,0.70062,0.45639,0.66377,0.81998,0.28077,0.82191,0.85147,0.50454,0.38746,0.71447,0.25625,0.45699,0.74119,0.88106,0.65369,0.84018,0.28013,0.18793,0.45913,0.70001,0.82357,0.8584,0.87216,0.80967,0.87509,0.56087,0.82684,0.7348,0.84621,0.49158,0.35774,0.81385,0.80671,0.88444,0.84701,0.73419,0.61799,0.86934,0.72897,0.56185,0.32447,0.34662,0.8375,0.8661,0.8381,0.51133,0.87697,0.8591,0.88261,0.86079,0.84904,0.22844,0.88179,0.87108,0.39921,0.11596,0.35227,0.44745,0.66679,0.72876,0.67913,0.8377,0.70405,0.655,0.7512,0.70404,0.78009,0.72364,0.81544,0.25068,0.34962,0.87428,0.8318,0.86832,0.2561,0.57984,0.87912,0.72233,0.7735
0.6498,0.25424,0.10566,1.0001,0.16143,0.12596,0.084427,0.036353,0.13445,0.16264,0.17959,0.17819,0.30426,0.21875,0.28338,0.074442,0.086708,0.092748,0.12946,0.13471,0.069649,0.072341,0.049149,0.15145,0.12047,0.15061,0.15655,0.14587,0.10469,0.15355,0.15339,0.15447,0.16669,0.17097,0.13902,0.17125,0.16977,0.22962,0.20667,0.37486,0.20026,0.18892,0.13955,0.12898,0.10824,0.11646,0.11365,0.11368,0.32434,0.20075,0.13089,0.25898,0.27447,0.073763,0.12789,0.11025,0.16796,0.1684,0.10762,0.10555,0.11615,0.10175,0.13094,0.2059,0.16855,0.18135,0.2293,0.14206,0.11568,0.16659,0.10973,0.1212,0.043071,0.13339,0.16004,0.12878,0.036364,0.17438,0.34473,0.41961,0.15312,0.20147,0.18755,0.15555,0.21715,0.10293,0.18546,0.21862,0.09391,0.15448,0.10494,0.18134,0.15105,0.27207,0.075377,0.11807,0.085356,0.13558,0.22921,0.24483
0.41415,0.72841,0.57179,0.16143,1,0.5649,0.57197,0.27115,0.41194,0.67884,0.71576,0.66149,0.38667,0.76225,0.41108,0.4038,0.38517,0.61176,0.74414,0.14193,0.42112,0.32062,0.24981,0.7634,0.67123,0.6317,0.6921,0.64814,0.34572,0.4496,0.6018,0.3531,0.6442,0.63205,0.68029,0.74122,0.69918,0.2594,0.38428,0.66173,0.63509,0.78051,0.72513,0.66272,0.49577,0.63113,0.53159,0.61457,0.71412,0.7467,0.42996,0.45104,0.73339,0.35632,0.63342,0.49958,0.54849,0.78624,0.61335,0.38637,0.49061,0.32079,0.63518,0.60383,0.70981,0.73254,0.58368,0.71,0.72569,0.69569,0.64397,0.60094,0.14634,0.72103,0.73775,0.5442,0.20457,0.46193,0.40196,0.57417,0.73978,0.75188,0.73012,0.85767,0.7949,0.51406,0.60497,0.6884,0.43874,0.72489,0.19357,0.22074,0.70732,0.78091,0.43341,0.19645,0.28038,0.64941,0.56242,0.56793
0.25696,0.78944,0.76259,0.12596,0.5649,1,0.51196,0.14343,0.39095,0.54856,0.8042,0.80578,0.46923,0.58044,0.43779,0.42507,0.56266,0.58068,0.71958,0.30406,0.56422,0.55344,0.44857,0.6611,0.71911,0.30473,0.77996,0.78246,0.4582,0.37123,0.7372,0.27993,0.45058,0.66825,0.80419,0.64287,0.81042,0.27797,0.20228,0.46962,0.62245,0.7489,0.78562,0.79218,0.66065,0.79502,0.4757,0.70024,0.73168,0.81272,0.46904,0.3661,0.71157,0.73633,0.7957,0.76945,0.67591,0.59434,0.78817,0.67857,0.53227,0.3419,0.364,0.79841,0.8279,0.76584,0.47984,0.77277,0.7718,0.8299,0.76777,0.77518,0.18074,0.79599,0.81856,0.3921,0.11693,0.36405,0.42281,0.61717,0.65798,0.65641,0.77957,0.64454,0.62532,0.62903,0.60758,0.77097,0.59065,0.77921,0.2253,0.35379,0.80558,0.77044,0.74728,0.25972,0.45532,0.78338,0.67804,0.70569
0.22046,0.61511,0.58461,0.084427,0.57197,0.51196,1,0.26086,0.31938,0.60905,0.66654,0.62259,0.27547,0.57682,0.43073,0.42927,0.46828,0.41033,0.57706,0.10207,0.38136,0.31919,0.25183,0.57501,0.58859,0.27022,0.6255,0.66672,0.36689,0.51409,0.48687,0.30883,0.38221,0.55835,0.6656,0.57275,0.60517,0.18849,0.21944,0.45508,0.60022,0.67798,0.67333,0.67945,0.59969,0.6332,0.54967,0.59274,0.54291,0.64772,0.38137,0.26814,0.6173,0.48508,0.63818,0.57858,0.50384,0.55879,0.56426,0.42886,0.4937,0.27776,0.54424,0.55826,0.66792,0.67902,0.45847,0.68693,0.69206,0.66047,0.65152,0.57893,0.21823,0.68056,0.66185,0.41125,0.054812,0.28551,0.2798,0.51165,0.67091,0.5546,0.66901,0.64351,0.62858,0.46161,0.50702,0.5565,0.45963,0.62551,0.095936,0.1833,0.67455,0.67805,0.56927,0.096273,0.30283,0.62097,0.50181,0.52951
0.11655,0.20901,0.14481,0.036353,0.27115,0.14343,0.26086,1.0001,0.1447,0.20668,0.1972,0.19057,0.094032,0.19645,0.079745,0.11459,0.09891,0.2024,0.19067,0.026912,0.087866,0.087972,0.092003,0.2213,0.17315,0.2661,0.18472,0.17769,0.086704,0.1049,0.15793,0.48194,0.17297,0.26021,0.1915,0.20908,0.18613,0.07755,0.082585,0.18874,0.16833,0.20715,0.18447,0.18601,0.14559,0.17307,0.12784,0.15993,0.2037,0.20355,0.24906,0.16706,0.21765,0.10114,0.16934,0.14568,0.16687,0.21846,0.17639,0.11266,0.14426,0.084362,0.2212,0.17005,0.19351,0.1995,0.15291,0.19493,0.20188,0.18917,0.18255,0.15453,0.035153,0.1973,0.20137,0.2295,0.029051,0.10665,0.11633,0.16574,0.22422,0.18967,0.20814,0.24145,0.21026,0.13141,0.16195,0.20383,0.123,0.20514,0.058729,0.084974,0.201,0.20606,0.14105,0.05003,0.06598,0.17317,0.13775,0.15991
0.23119,0.51026,0.45211,0.13445,0.41194,0.39095,0.31938,0.1447,1,0.43621,0.49209,0.48362,0.25348,0.36718,0.4479,0.23612,0.57202,0.31969,0.48856,0.062485,0.26576,0.48006,0.19127,0.39553,0.53271,0.27029,0.48255,0.47167,0.47067,0.2485,0.44391,0.21853,0.30979,0.46686,0.51667,0.43545,0.49399,0.21978,0.14788,0.31989,0.44705,0.50288,0.49684,0.51777,0.46282,0.49985,0.33534,0.43422,0.49651,0.50424,0.35977,0.29506,0.55024,0.31695,0.5264,0.48902,0.3981,0.4047,0.44122,0.35598,0.30738,0.20897,0.32667,0.46561,0.50213,0.49625,0.40653,0.56478,0.50377,0.50559,0.49548,0.50225,0.10695,0.52408,0.51788,0.33493,0.051457,0.27185,0.28497,0.41902,0.44575,0.4724,0.53469,0.48396,0.48268,0.42476,0.44806,0.50976,0.48652,0.46748,0.16818,0.20689,0.49806,0.52499,0.46409,0.1618,0.29852,0.52019,0.44333,0.45654
0.4128,0.70901,0.59805,0.16264,0.67884,0.54856,0.60905,0.20668,0.43621,1,0.72341,0.68469,0.37831,0.61674,0.4895,0.49768,0.45939,0.51168,0.6605,0.12266,0.3951,0.38722,0.2483,0.60592,0.64184,0.46331,0.71581,0.64493,0.40161,0.66663,0.5519,0.37625,0.6719,0.71305,0.66992,0.7383,0.71962,0.30087,0.2821,0.62408,0.66127,0.75173,0.71457,0.69114,0.6054,0.68405,0.65222,0.64692,0.73172,0.73613,0.39607,0.61363,0.71514,0.38508,0.65017,0.56436,0.7071,0.56156,0.5451,0.54345,0.56233,0.48041,0.57238,0.70415,0.70794,0.74558,0.6188,0.69665,0.71237,0.69323,0.66831,0.57436,0.25236,0.68989,0.72774,0.44367,0.11864,0.42715,0.40011,0.57812,0.6988,0.76292,0.67966,0.74775,0.70232,0.60143,0.67226,0.69856,0.48875,0.7135,0.41098,0.33813,0.68182,0.76458,0.55932,0.44856,0.3751,0.64586,0.60157,0.61154
0.36541,0.92982,0.83597,0.17959,0.71576,0.8042,0.66654,0.1972,0.49209,0.72341,1,0.95065,0.5354,0.76825,0.55627,0.5327,0.67682,0.63903,0.82774,0.32811,0.59378,0.59171,0.4449,0.78256,0.83227,0.38484,0.92955,0.88787,0.51658,0.50683,0.83216,0.36047,0.592,0.82378,0.94109,0.79195,0.94254,0.32204,0.29187,0.59651,0.77671,0.90688,0.89452,0.90483,0.76803,0.92768,0.61828,0.82795,0.87061,0.95647,0.55521,0.47876,0.87188,0.75866,0.91949,0.87694,0.79802,0.73737,0.85781,0.73829,0.60496,0.43051,0.47772,0.90482,0.9575,0.93705,0.64946,0.907,0.92815,0.94968,0.90915,0.87981,0.22477,0.92627,0.95306,0.45754,0.12054,0.40696,0.5093,0.73123,0.8193,0.84142,0.90214,0.81201,0.79874,0.7461,0.78064,0.88045,0.69616,0.91317,0.27684,0.37577,0.93791,0.92795,0.83017,0.29817,0.52039,0.91138,0.78626,0.82874
0.33986,0.92214,0.84714,0.17819,0.66149,0.80578,0.62259,0.19057,0.48362,0.68469,0.95065,1,0.50993,0.71451,0.55865,0.5077,0.69542,0.62699,0.82525,0.35474,0.59492,0.61068,0.44708,0.73236,0.83268,0.36271,0.92491,0.87777,0.52328,0.47661,0.84753,0.3444,0.54728,0.8176,0.9315,0.74601,0.93403,0.3002,0.27494,0.55148,0.74531,0.88366,0.86878,0.90324,0.78048,0.92384,0.57174,0.82531,0.856,0.93957,0.53428,0.44425,0.86291,0.7828,0.93064,0.90345,0.80021,0.68803,0.86446,0.75035,0.5831,0.42671,0.42728,0.91141,0.95045,0.92678,0.60517,0.89757,0.91332,0.94662,0.9112,0.89696,0.20579,0.91588,0.94397,0.43579,0.12162,0.40773,0.50113,0.70256,0.77561,0.80643,0.89317,0.75627,0.73872,0.75086,0.77184,0.87647,0.7189,0.91887,0.26682,0.38122,0.9282,0.90492,0.85688,0.30111,0.54533,0.91655,0.77692,0.82487
0.32869,0.52583,0.3704,0.30426,0.38667,0.46923,0.27547,0.094032,0.25348,0.37831,0.5354,0.50993,1,0.47974,0.30669,0.25644,0.26745,0.29733,0.40074,0.56217,0.28286,0.23711,0.23469,0.38826,0.36961,0.24871,0.48089,0.42856,0.23176,0.277,0.54663,0.27455,0.36592,0.41675,0.45688,0.42016,0.5383,0.30478,0.1981,0.41374,0.39221,0.49532,0.45034,0.44096,0.34615,0.40574,0.3052,0.38491,0.55842,0.53516,0.28822,0.37906,0.45808,0.36274,0.46086,0.44576,0.4326,0.36568,0.37264,0.37733,0.32584,0.21665,0.26342,0.48188,0.52809,0.47734,0.34228,0.40457,0.42142,0.50558,0.42214,0.44448,0.13147,0.4385,0.49146,0.22411,0.072645,0.26327,0.31944,0.39842,0.40156,0.50896,0.46919,0.4082,0.40995,0.37582,0.38145,0.48881,0.28781,0.4561,0.26084,0.23939,0.47561,0.49782,0.3714,0.22273,0.25694,0.47905,0.45186,0.47864
0.40981,0.74792,0.58607,0.21875,0.76225,0.58044,0.57682,0.19645,0.36718,0.61674,0.76825,0.71451,0.47974,1,0.38352,0.38789,0.47651,0.45732,0.64696,0.28778,0.42118,0.3386,0.25806,0.74905,0.59574,0.42108,0.7005,0.64385,0.33605,0.48331,0.60688,0.3497,0.59329,0.59849,0.70351,0.725,0.73633,0.29159,0.30135,0.62645,0.63698,0.76381,0.69774,0.65758,0.48626,0.64945,0.55002,0.60218,0.72996,0.75526,0.38088,0.47498,0.71523,0.48264,0.64636,0.55602,0.61653,0.7222,0.5984,0.45128,0.47836,0.28468,0.52184,0.66112,0.73966,0.74625,0.54605,0.6796,0.69371,0.71122,0.6417,0.6018,0.14654,0.70006,0.728,0.38814,0.096091,0.40199,0.44215,0.5698,0.68258,0.76345,0.69288,0.77902,0.75988,0.53438,0.58514,0.69422,0.42158,0.69873,0.24678,0.23825,0.72388,0.76408,0.49817,0.26277,0.27804,0.66075,0.58711,0.60965
0.31585,0.57202,0.48394,0.28338,0.41108,0.43779,0.43073,0.079745,0.4479,0.4895,0.55627,0.55865,0.30669,0.38352,1,0.28777,0.45192,0.39664,0.53838,0.14445,0.29396,0.30352,0.17312,0.33315,0.47487,0.37031,0.57747,0.5316,0.37309,0.3401,0.51431,0.20431,0.30139,0.49657,0.53457,0.40989,0.53157,0.2207,0.14769,0.36181,0.42171,0.53723,0.52028,0.55252,0.48373,0.54226,0.32072,0.51719,0.58064,0.5762,0.25916,0.31058,0.55532,0.34677,0.56279,0.54144,0.44467,0.32448,0.457,0.37808,0.32951,0.29138,0.32136,0.52716,0.55209,0.54798,0.44637,0.56537,0.57495,0.56648,0.54854,0.55387,0.1406,0.55474,0.57694,0.38485,0.12679,0.26706,0.30319,0.48864,0.48275,0.49023,0.57506,0.42311,0.43155,0.41728,0.46189,0.47084,0.44911,0.59576,0.16393,0.28301,0.52075,0.60131,0.48671,0.17256,0.35958,0.54395,0.49269,0.52711
0.19326,0.5048,0.46973,0.074442,0.4038,0.42507,0.42927,0.11459,0.23612,0.49768,0.5327,0.5077,0.25644,0.38789,0.28777,1,0.31789,0.41082,0.51232,0.039864,0.34998,0.37399,0.27481,0.48948,0.53276,0.23316,0.51486,0.50641,0.27566,0.39465,0.39316,0.19268,0.3515,0.56959,0.54642,0.4772,0.53518,0.23389,0.18728,0.39228,0.44598,0.53617,0.53953,0.53917,0.51193,0.54419,0.44022,0.59548,0.50655,0.55748,0.39362,0.33879,0.49793,0.4443,0.53838,0.46548,0.42544,0.44155,0.46967,0.4483,0.41614,0.31782,0.36749,0.51024,0.55596,0.54826,0.38768,0.54821,0.54778,0.55087,0.50666,0.44893,0.32985,0.53717,0.56255,0.29591,0.052375,0.29389,0.32983,0.41398,0.45563,0.50897,0.4944,0.53385,0.49623,0.50541,0.46463,0.52595,0.3884,0.5012,0.3312,0.24983,0.54176,0.55156,0.49481,0.16143,0.42325,0.51603,0.49773,0.52797
0.2002,0.64547,0.6975,0.086708,0.38517,0.56266,0.46828,0.09891,0.57202,0.45939,0.67682,0.69542,0.26745,0.47651,0.45192,0.31789,1,0.35844,0.58454,0.072814,0.43048,0.59491,0.3074,0.51975,0.67698,0.15356,0.68855,0.66805,0.51688,0.29437,0.57593,0.19941,0.30698,0.58877,0.71419,0.48576,0.64956,0.19556,0.17304,0.31938,0.60021,0.63535,0.66312,0.70927,0.67552,0.72005,0.43674,0.59762,0.56935,0.65299,0.37429,0.24527,0.66529,0.62726,0.73533,0.75736,0.56148,0.47661,0.66398,0.59083,0.39476,0.29744,0.21259,0.65427,0.68481,0.6821,0.49447,0.73405,0.7129,0.69266,0.70842,0.71429,0.11013,0.70655,0.68539,0.30297,0.040781,0.28981,0.34205,0.52665,0.57396,0.55237,0.68578,0.52428,0.54062,0.55545,0.57827,0.63708,0.66795,0.65633,0.12467,0.26775,0.69239,0.66066,0.71991,0.13577,0.39079,0.72287,0.56355,0.59201
0.2551,0.65046,0.64229,0.092748,0.61176,0.58068,0.41033,0.2024,0.31969,0.51168,0.63903,0.62699,0.29733,0.45732,0.39664,0.41082,0.35844,1,0.65212,0.031707,0.53354,0.51628,0.37624,0.59782,0.63941,0.47447,0.64897,0.66676,0.36391,0.27673,0.55245,0.25134,0.43617,0.62084,0.67013,0.54765,0.65271,0.25568,0.20893,0.44244,0.51949,0.64584,0.67623,0.66692,0.60725,0.658,0.40735,0.62421,0.60162,0.68231,0.51943,0.35696,0.63272,0.56538,0.66645,0.58463,0.52896,0.55573,0.71119,0.51886,0.46253,0.26394,0.38853,0.63568,0.66232,0.6512,0.41938,0.67977,0.68015,0.67107,0.64978,0.65284,0.15169,0.69317,0.69105,0.43668,0.14093,0.33222,0.37128,0.53747,0.59355,0.55486,0.68403,0.62382,0.54206,0.59136,0.54666,0.6169,0.55485,0.66318,0.24093,0.26958,0.67931,0.68383,0.5906,0.2041,0.42012,0.65537,0.56462,0.609
0.32038,0.83059,0.79622,0.12946,0.74414,0.71958,0.57706,0.19067,0.48856,0.6605,0.82774,0.82525,0.40074,0.64696,0.53838,0.51232,0.58454,0.65212,1,0.16828,0.57739,0.542,0.37075,0.70399,0.82864,0.47843,0.81767,0.8055,0.47002,0.40087,0.72287,0.31251,0.55676,0.77631,0.85768,0.68536,0.84094,0.2974,0.30065,0.5352,0.71622,0.84623,0.84895,0.84784,0.69726,0.81299,0.49704,0.81691,0.8055,0.86126,0.49712,0.45151,0.86427,0.64329,0.85659,0.77942,0.68387,0.68615,0.77355,0.60085,0.52761,0.3752,0.48397,0.79996,0.84824,0.83034,0.58703,0.86304,0.84941,0.85677,0.80902,0.83245,0.28464,0.85523,0.8764,0.50188,0.18196,0.44694,0.45162,0.63508,0.75195,0.76477,0.84438,0.76914,0.70811,0.74525,0.69724,0.80623,0.71061,0.82864,0.29724,0.30699,0.82383,0.85765,0.73451,0.31311,0.59305,0.87111,0.72565,0.77023
0.06604,0.32692,0.13794,0.13471,0.14193,0.30406,0.10207,0.026912,0.062485,0.12266,0.32811,0.35474,0.56217,0.28778,0.14445,0.039864,0.072814,0.031707,0.16828,1,0.094033,0.028804,0.078574,0.093928,0.13444,0.034627,0.28917,0.21479,0.0718,0.060596,0.57757,0.12037,0.090946,0.15638,0.22763,0.13054,0.34457,0.088691,0.041075,0.095732,0.12111,0.27676,0.19258,0.22414,0.12003,0.14347,0.043073,0.16025,0.30046,0.30751,0.063281,0.097065,0.18733,0.22888,0.28783,0.32883,0.19862,0.085483,0.15646,0.16135,0.088603,0.040786,0.057004,0.26965,0.33448,0.25239,0.1319,0.13691,0.18678,0.30487,0.21313,0.31954,0.027688,0.20404,0.27289,0.055413,0.018626,0.081075,0.074265,0.15974,0.15397,0.24354,0.26931,0.10058,0.12341,0.14479,0.12657,0.23875,0.089838,0.25294,0.043787,0.044621,0.25452,0.21679,0.16531,0.087858,0.10649,0.2949,0.24455,0.2765
0.18999,0.56194,0.70532,0.069649,0.42112,0.56422,0.38136,0.087866,0.26576,0.3951,0.59378,0.59492,0.28286,0.42118,0.29396,0.34998,0.43048,0.53354,0.57739,0.094033,1,0.58503,0.3486,0.52582,0.61778,0.1542,0.58222,0.61591,0.32357,0.19848,0.50781,0.16327,0.30528,0.50585,0.6305,0.43517,0.60538,0.23507,0.1517,0.32999,0.505,0.62276,0.6409,0.60875,0.60828,0.60768,0.4097,0.7112,0.50959,0.60682,0.39219,0.22097,0.58148,0.65304,0.63693,0.6047,0.51749,0.47738,0.65936,0.48603,0.40397,0.18661,0.18829,0.58071,0.61819,0.60586,0.3829,0.62338,0.61167,0.64072,0.63238,0.5783,0.29336,0.62845,0.61249,0.26627,0.079335,0.21404,0.34711,0.46843,0.53091,0.48083,0.57521,0.55815,0.48424,0.58307,0.49234,0.54895,0.45927,0.57025,0.21068,0.22507,0.62931,0.59919,0.60182,0.13459,0.55206,0.66228,0.57598,0.60828
0.18064,0.57197,0.70062,0.072341,0.32062,0.55344,0.31919,0.087972,0.48006,0.38722,0.59171,0.61068,0.23711,0.3386,0.30352,0.37399,0.59491,0.51628,0.542,0.028804,0.58503,1,0.40262,0.50475,0.68522,0.1126,0.5646,0.64906,0.53575,0.2328,0.48823,0.14995,0.28304,0.60686,0.67591,0.44803,0.61947,0.21528,0.13147,0.2965,0.56929,0.56803,0.63175,0.64759,0.67461,0.67459,0.4394,0.6118,0.49194,0.59321,0.47853,0.21444,0.6305,0.68498,0.6866,0.66409,0.54206,0.44909,0.67369,0.59207,0.41307,0.20479,0.17705,0.62067,0.62549,0.59532,0.35188,0.68034,0.60687,0.63862,0.6523,0.64373,0.21968,0.65684,0.61611,0.22429,0.035354,0.2309,0.40967,0.5088,0.48446,0.45772,0.61378,0.52964,0.4922,0.60686,0.55567,0.61418,0.60072,0.537,0.17785,0.2452,0.66322,0.57751,0.7043,0.17853,0.43738,0.65787,0.55398,0.58854
0.12117,0.4298,0.45639,0.049149,0.24981,0.44857,0.25183,0.092003,0.19127,0.2483,0.4449,0.44708,0.23469,0.25806,0.17312,0.27481,0.3074,0.37624,0.37075,0.078574,0.3486,0.40262,1.0001,0.38619,0.43756,0.11801,0.40249,0.44145,0.26088,0.15316,0.39539,0.14772,0.20675,0.41516,0.48905,0.34159,0.43672,0.18007,0.11279,0.23581,0.32478,0.37385,0.43444,0.44672,0.41787,0.49602,0.26316,0.3839,0.36774,0.44048,0.41392,0.14497,0.37756,0.50284,0.46699,0.46616,0.35997,0.33372,0.52179,0.45656,0.3077,0.1754,0.14381,0.45535,0.4508,0.41233,0.2379,0.4423,0.42611,0.46191,0.46461,0.45559,0.09233,0.45814,0.4462,0.17805,0.038164,0.2233,0.26739,0.34479,0.36456,0.31347,0.42198,0.31237,0.31946,0.36543,0.3595,0.45804,0.42551,0.40286,0.074363,0.19909,0.46519,0.39986,0.47516,0.071157,0.33726,0.43359,0.38064,0.40554
0.42639,0.73608,0.66377,0.15145,0.7634,0.6611,0.57501,0.2213,0.39553,0.60592,0.78256,0.73236,0.38826,0.74905,0.33315,0.48948,0.51975,0.59782,0.70399,0.093928,0.52582,0.50475,0.38619,1,0.68795,0.34707,0.71374,0.72994,0.39967,0.41265,0.57178,0.33763,0.62927,0.72215,0.79719,0.81589,0.76792,0.27271,0.41878,0.65923,0.73898,0.80718,0.79216,0.73324,0.60028,0.75302,0.62253,0.687,0.6932,0.78458,0.50264,0.44933,0.77228,0.63411,0.7205,0.61526,0.64056,0.85264,0.7381,0.57824,0.5425,0.35759,0.46208,0.72706,0.77854,0.80021,0.58643,0.78416,0.76254,0.76569,0.72414,0.65257,0.20722,0.78351,0.77378,0.42836,0.062364,0.46715,0.52339,0.6193,0.77301,0.75149,0.73281,0.86907,0.865,0.64279,0.67069,0.79661,0.54883,0.70767,0.22345,0.28465,0.80884,0.7907,0.63036,0.24062,0.34067,0.73337,0.6221,0.61745
0.28279,0.82486,0.81998,0.12047,0.67123,0.71911,0.58859,0.17315,0.53271,0.64184,0.83227,0.83268,0.36961,0.59574,0.47487,0.53276,0.67698,0.63941,0.82864,0.13444,0.61778,0.68522,0.43756,0.68795,1,0.37306,0.81911,0.83071,0.52534,0.46393,0.73336,0.26631,0.48692,0.7525,0.86053,0.67248,0.83724,0.28234,0.28531,0.49747,0.73902,0.80618,0.85127,0.85773,0.7863,0.85162,0.57577,0.81754,0.75276,0.85094,0.55337,0.35915,0.8282,0.69878,0.87705,0.82371,0.68374,0.67304,0.82409,0.67684,0.58499,0.36941,0.51314,0.80033,0.8597,0.82096,0.55397,0.88071,0.85019,0.86965,0.84672,0.83813,0.24685,0.86577,0.86977,0.4535,0.10003,0.45817,0.4678,0.66068,0.71733,0.70417,0.83063,0.74454,0.71085,0.7201,0.71081,0.81223,0.72074,0.8181,0.22551,0.32945,0.85073,0.82342,0.79544,0.20301,0.58234,0.86307,0.74028,0.77765
0.26726,0.46595,0.28077,0.15061,0.6317,0.30473,0.27022,0.2661,0.27029,0.46331,0.38484,0.36271,0.24871,0.42108,0.37031,0.23316,0.15356,0.47447,0.47843,0.034627,0.1542,0.1126,0.11801,0.34707,0.37306,1.0001,0.42812,0.3257,0.1964,0.32288,0.34504,0.37403,0.40827,0.39353,0.33942,0.39643,0.40042,0.24749,0.20567,0.49671,0.30788,0.40786,0.36899,0.35826,0.21259,0.33079,0.25994,0.32677,0.53972,0.45351,0.27588,0.45703,0.43677,0.08534,0.32536,0.22506,0.31712,0.37139,0.31257,0.19451,0.29448,0.23979,0.5134,0.35034,0.39068,0.37856,0.31628,0.3637,0.38729,0.37749,0.31682,0.33576,0.077714,0.37939,0.43706,0.43374,0.3292,0.33437,0.2692,0.34735,0.36142,0.45728,0.44098,0.44619,0.36737,0.28748,0.33277,0.39166,0.25653,0.46692,0.22186,0.23235,0.35385,0.4774,0.18228,0.20752,0.16228,0.33131,0.34489,0.38173
0.33614,0.90734,0.82191,0.15655,0.6921,0.77996,0.6255,0.18472,0.48255,0.71581,0.92955,0.92491,0.48089,0.7005,0.57747,0.51486,0.68855,0.64897,0.81767,0.28917,0.58222,0.5646,0.40249,0.71374,0.81911,0.42812,1,0.86049,0.49761,0.49097,0.82322,0.33679,0.55485,0.8044,0.90379,0.75472,0.90779,0.30768,0.28452,0.56811,0.73992,0.86964,0.86863,0.88059,0.75231,0.90333,0.57102,0.81753,0.84983,0.92676,0.52157,0.4556,0.83881,0.71563,0.89849,0.86879,0.76737,0.68272,0.8317,0.71755,0.58793,0.46883,0.45794,0.88305,0.92375,0.90456,0.65867,0.88696,0.92828,0.92655,0.89265,0.86639,0.21852,0.90857,0.93292,0.46372,0.16501,0.42192,0.47922,0.70615,0.79653,0.80612,0.88053,0.76085,0.7425,0.72413,0.77231,0.84097,0.69067,0.94356,0.26414,0.40275,0.90569,0.90415,0.81507,0.28331,0.51403,0.88842,0.76364,0.80954
0.30396,0.86674,0.85147,0.14587,0.64814,0.78246,0.66672,0.17769,0.47167,0.64493,0.88787,0.87777,0.42856,0.64385,0.5316,0.50641,0.66805,0.66676,0.8055,0.21479,0.61591,0.64906,0.44145,0.72994,0.83071,0.3257,0.86049,1,0.55172,0.42509,0.78166,0.30297,0.47069,0.78633,0.91014,0.69995,0.86755,0.30006,0.26267,0.51448,0.75016,0.85686,0.88585,0.90921,0.81202,0.8935,0.56951,0.80075,0.77287,0.88629,0.55565,0.36406,0.83694,0.79157,0.90689,0.87212,0.72089,0.674,0.87496,0.71606,0.58411,0.35857,0.42511,0.8475,0.90192,0.87242,0.58057,0.91,0.89942,0.91257,0.88621,0.87034,0.23281,0.92523,0.90496,0.4447,0.095252,0.39245,0.46987,0.71086,0.77768,0.71859,0.89874,0.75265,0.72809,0.71647,0.70979,0.81072,0.71805,0.85607,0.19559,0.33425,0.91141,0.87323,0.84645,0.21612,0.5156,0.89451,0.7447,0.78351
0.19858,0.50631,0.50454,0.10469,0.34572,0.4582,0.36689,0.086704,0.47067,0.40161,0.51658,0.52328,0.23176,0.33605,0.37309,0.27566,0.51688,0.36391,0.47002,0.0718,0.32357,0.53575,0.26088,0.39967,0.52534,0.1964,0.49761,0.55172,1,0.24192,0.44799,0.1826,0.28194,0.48925,0.55035,0.39551,0.50611,0.19496,0.16344,0.29978,0.44587,0.49229,0.51463,0.56167,0.54218,0.54571,0.33109,0.45874,0.47177,0.51256,0.35232,0.25637,0.52828,0.44141,0.55747,0.54688,0.44673,0.35604,0.50879,0.4334,0.34867,0.2518,0.21468,0.50965,0.52475,0.51137,0.35707,0.5738,0.52862,0.53205,0.53284,0.54314,0.12621,0.55836,0.53099,0.30033,0.055178,0.2221,0.29202,0.46205,0.4491,0.43062,0.55166,0.4372,0.42512,0.4145,0.44082,0.51443,0.49689,0.48885,0.15416,0.20457,0.53728,0.52722,0.53735,0.17081,0.32004,0.53522,0.47015,0.47937
0.35793,0.51461,0.38746,0.15355,0.4496,0.37123,0.51409,0.1049,0.2485,0.66663,0.50683,0.47661,0.277,0.48331,0.3401,0.39465,0.29437,0.27673,0.40087,0.060596,0.19848,0.2328,0.15316,0.41265,0.46393,0.32288,0.49097,0.42509,0.24192,1,0.29984,0.2874,0.56269,0.50647,0.44428,0.61654,0.52334,0.22514,0.21728,0.57012,0.56918,0.51096,0.49117,0.47445,0.3638,0.48996,0.66546,0.42068,0.54164,0.52227,0.2292,0.53023,0.51054,0.20338,0.41192,0.32846,0.5715,0.37378,0.31352,0.43366,0.53065,0.3785,0.6319,0.52626,0.51258,0.51745,0.39116,0.46887,0.45325,0.48095,0.4394,0.32332,0.15194,0.45546,0.50584,0.25839,0.065251,0.3623,0.30747,0.41955,0.44527,0.57557,0.43903,0.52387,0.52305,0.42566,0.4638,0.49659,0.31172,0.49376,0.35676,0.28869,0.46968,0.52512,0.39583,0.45344,0.20497,0.40252,0.41267,0.40119
0.23089,0.83175,0.71447,0.15339,0.6018,0.7372,0.48687,0.15793,0.44391,0.5519,0.83216,0.84753,0.54663,0.60688,0.51431,0.39316,0.57593,0.55245,0.72287,0.57757,0.50781,0.48823,0.39539,0.57178,0.73336,0.34504,0.82322,0.78166,0.44799,0.29984,1,0.27262,0.39745,0.6843,0.80203,0.57706,0.83149,0.27235,0.20302,0.39799,0.57136,0.76894,0.76126,0.79008,0.67767,0.76619,0.38593,0.70288,0.76464,0.84498,0.4778,0.31361,0.71672,0.67508,0.83932,0.83539,0.62426,0.56068,0.75642,0.6243,0.47674,0.31755,0.36542,0.77473,0.84952,0.7806,0.49074,0.7608,0.79592,0.85127,0.79159,0.85317,0.16198,0.80393,0.8412,0.43521,0.11671,0.3467,0.38729,0.60103,0.65513,0.66471,0.82524,0.60483,0.59579,0.59669,0.61633,0.73152,0.61123,0.81252,0.14801,0.31798,0.81066,0.77585,0.70938,0.14769,0.48071,0.82795,0.69613,0.75426
0.3016,0.37547,0.25625,0.15447,0.3531,0.27993,0.30883,0.48194,0.21853,0.37625,0.36047,0.3444,0.27455,0.3497,0.20431,0.19268,0.19941,0.25134,0.31251,0.12037,0.16327,0.14995,0.14772,0.33763,0.26631,0.37403,0.33679,0.30297,0.1826,0.2874,0.27262,1,0.38276,0.40993,0.32849,0.39023,0.35454,0.26118,0.17784,0.3845,0.31953,0.37224,0.32474,0.3226,0.23475,0.31028,0.29185,0.25904,0.41751,0.36577,0.32057,0.44006,0.3757,0.1895,0.29083,0.2638,0.37827,0.30824,0.26742,0.25939,0.26201,0.23624,0.2892,0.35027,0.34782,0.36525,0.29413,0.31917,0.31868,0.32711,0.30488,0.25422,0.12687,0.32208,0.3496,0.26324,0.0575,0.20327,0.26778,0.30211,0.35707,0.41634,0.33522,0.37285,0.36024,0.27782,0.32259,0.38903,0.22445,0.34424,0.25775,0.23611,0.3304,0.38182,0.25102,0.27402,0.13634,0.3043,0.31221,0.33597
0.50416,0.58871,0.45699,0.16669,0.6442,0.45058,0.38221,0.17297,0.30979,0.6719,0.592,0.54728,0.36592,0.59329,0.30139,0.3515,0.30698,0.43617,0.55676,0.090946,0.30528,0.28304,0.20675,0.62927,0.48692,0.40827,0.55485,0.47069,0.28194,0.56269,0.39745,0.38276,1,0.67036,0.53899,0.75354,0.64053,0.28861,0.31883,0.62107,0.57126,0.65294,0.58711,0.53243,0.37841,0.54903,0.57143,0.46976,0.67006,0.62476,0.35083,0.74708,0.62485,0.269,0.47863,0.37568,0.68348,0.60806,0.45069,0.50845,0.46349,0.48499,0.41649,0.65188,0.56927,0.61467,0.51047,0.54072,0.53862,0.53543,0.49486,0.42065,0.18801,0.52936,0.58277,0.3781,0.074962,0.37076,0.4053,0.47016,0.63316,0.75782,0.5079,0.701,0.66872,0.56384,0.6163,0.65653,0.35431,0.54114,0.52125,0.32961,0.54783,0.64127,0.40259,0.65114,0.27074,0.50603,0.49841,0.46102
0.41737,0.80179,0.74119,0.17097,0.63205,0.66825,0.55835,0.26021,0.46686,0.71305,0.82378,0.8176,0.41675,0.59849,0.49657,0.56959,0.58877,0.62084,0.77631,0.15638,0.50585,0.60686,0.41516,0.72215,0.7525,0.39353,0.8044,0.78633,0.48925,0.50647,0.6843,0.40993,0.67036,1,0.8497,0.76391,0.84323,0.29466,0.29397,0.59231,0.74194,0.83159,0.82586,0.82791,0.72493,0.84962,0.59186,0.76389,0.78591,0.8499,0.54821,0.56919,0.83024,0.6536,0.82745,0.76578,0.75996,0.6712,0.7575,0.75027,0.59404,0.50014,0.42401,0.85694,0.83441,0.83379,0.58885,0.84206,0.82212,0.83455,0.79948,0.77614,0.29432,0.83917,0.84694,0.46698,0.089403,0.4078,0.50113,0.66542,0.78885,0.77787,0.79972,0.75504,0.74711,0.73485,0.7638,0.84174,0.6938,0.77896,0.35676,0.38939,0.8406,0.83319,0.76452,0.43349,0.50925,0.82746,0.73246,0.73911
0.32598,0.90589,0.88106,0.13902,0.68029,0.80419,0.6656,0.1915,0.51667,0.66992,0.94109,0.9315,0.45688,0.70351,0.53457,0.54642,0.71419,0.67013,0.85768,0.22763,0.6305,0.67591,0.48905,0.79719,0.86053,0.33942,0.90379,0.91014,0.55035,0.44428,0.80203,0.32849,0.53899,0.8497,1,0.7734,0.9308,0.30149,0.28147,0.55291,0.79703,0.89923,0.9169,0.93587,0.81413,0.94702,0.59317,0.85104,0.81804,0.94068,0.58146,0.41873,0.89371,0.82106,0.9496,0.90019,0.76306,0.7537,0.89855,0.75577,0.60734,0.39633,0.44277,0.90879,0.95366,0.92744,0.60765,0.94964,0.93667,0.95573,0.92677,0.91757,0.22646,0.95655,0.95352,0.46157,0.094591,0.41168,0.51856,0.72006,0.81609,0.78241,0.91593,0.80092,0.79077,0.76966,0.77136,0.88441,0.76262,0.88405,0.23133,0.35943,0.96027,0.91418,0.88919,0.26648,0.53535,0.94489,0.77906,0.82538
0.48741,0.77916,0.65369,0.17125,0.74122,0.64287,0.57275,0.20908,0.43545,0.7383,0.79195,0.74601,0.42016,0.725,0.40989,0.4772,0.48576,0.54765,0.68536,0.13054,0.43517,0.44803,0.34159,0.81589,0.67248,0.39643,0.75472,0.69995,0.39551,0.61654,0.57706,0.39023,0.75354,0.76391,0.7734,1,0.80478,0.3043,0.39821,0.71631,0.76357,0.81522,0.78616,0.7337,0.57562,0.77037,0.70819,0.65933,0.76467,0.81094,0.47017,0.61903,0.77631,0.51717,0.69524,0.58706,0.75257,0.76872,0.65997,0.64256,0.60487,0.44411,0.55756,0.79352,0.78958,0.802,0.60192,0.76024,0.74903,0.76807,0.71644,0.62138,0.18413,0.76327,0.79172,0.42771,0.091352,0.46694,0.52386,0.62299,0.77807,0.83398,0.71739,0.84858,0.85685,0.65338,0.72977,0.80535,0.5186,0.73929,0.34615,0.35954,0.78935,0.80246,0.63366,0.45647,0.3349,0.70648,0.62158,0.62354
0.36485,0.9258,0.84018,0.16977,0.69918,0.81042,0.60517,0.18613,0.49399,0.71962,0.94254,0.93403,0.5383,0.73633,0.53157,0.53518,0.64956,0.65271,0.84094,0.34457,0.60538,0.61947,0.43672,0.76792,0.83724,0.40042,0.90779,0.86755,0.50611,0.52334,0.83149,0.35454,0.64053,0.84323,0.9308,0.80478,1,0.32111,0.27927,0.5919,0.77268,0.90453,0.89424,0.90895,0.76003,0.91222,0.62246,0.8322,0.87618,0.95746,0.55006,0.53429,0.89335,0.75631,0.9187,0.85877,0.81253,0.72018,0.84868,0.76355,0.61295,0.42861,0.48243,0.93916,0.95519,0.92061,0.613,0.89666,0.89691,0.9466,0.88632,0.87946,0.24046,0.91262,0.95067,0.45183,0.12134,0.42988,0.52089,0.70793,0.78752,0.84361,0.88906,0.81031,0.77687,0.79164,0.7661,0.88789,0.69758,0.89145,0.33166,0.38554,0.92739,0.91592,0.83647,0.40342,0.54438,0.91924,0.78926,0.82591
0.33515,0.34652,0.28013,0.22962,0.2594,0.27797,0.18849,0.07755,0.21978,0.30087,0.32204,0.3002,0.30478,0.29159,0.2207,0.23389,0.19556,0.25568,0.2974,0.088691,0.23507,0.21528,0.18007,0.27271,0.28234,0.24749,0.30768,0.30006,0.19496,0.22514,0.27235,0.26118,0.28861,0.29466,0.30149,0.3043,0.32111,1,0.18961,0.3599,0.29057,0.30592,0.30384,0.28008,0.26679,0.29212,0.25002,0.27017,0.40561,0.33439,0.2852,0.3548,0.34357,0.21551,0.27694,0.24165,0.29862,0.2593,0.27373,0.2324,0.28555,0.17338,0.22438,0.31826,0.30655,0.3017,0.26185,0.28688,0.28222,0.30237,0.27515,0.26081,0.16215,0.28338,0.31115,0.20171,0.069941,0.21188,0.33813,0.32541,0.27054,0.35109,0.3006,0.28521,0.30251,0.27682,0.31157,0.35336,0.232,0.30332,0.294,0.34226,0.28558,0.34124,0.23482,0.20087,0.22666,0.28051,0.3403,0.397
0.43858,0.28998,0.18793,0.20667,0.38428,0.20228,0.21944,0.082585,0.14788,0.2821,0.29187,0.27494,0.1981,0.30135,0.14769,0.18728,0.17304,0.20893,0.30065,0.041075,0.1517,0.13147,0.11279,0.41878,0.28531,0.20567,0.28452,0.26267,0.16344,0.21728,0.20302,0.17784,0.31883,0.29397,0.28147,0.39821,0.27927,0.18961,1.0001,0.4919,0.39294,0.34257,0.31252,0.25526,0.20154,0.26302,0.32781,0.24851,0.31713,0.29907,0.19915,0.26443,0.36433,0.14183,0.24393,0.18544,0.23996,0.41329,0.24016,0.18978,0.23659,0.22912,0.20251,0.26367,0.27938,0.28405,0.3348,0.30438,0.28526,0.2813,0.25515,0.21074,0.084549,0.29024,0.28144,0.229,0.037257,0.31516,0.33942,0.30852,0.3873,0.3606,0.2684,0.36738,0.42402,0.25007,0.31592,0.3452,0.22253,0.27758,0.11283,0.13588,0.29288,0.31351,0.18788,0.10572,0.12312,0.26171,0.25979,0.23769
0.62286,0.62377,0.45913,0.37486,0.66173,0.46962,0.45508,0.18874,0.31989,0.62408,0.59651,0.55148,0.41374,0.62645,0.36181,0.39228,0.31938,0.44244,0.5352,0.095732,0.32999,0.2965,0.23581,0.65923,0.49747,0.49671,0.56811,0.51448,0.29978,0.57012,0.39799,0.3845,0.62107,0.59231,0.55291,0.71631,0.5919,0.3599,0.4919,1,0.65535,0.64657,0.58538,0.51397,0.39646,0.53525,0.64138,0.49804,0.68467,0.62119,0.36055,0.61409,0.65523,0.3132,0.48486,0.37189,0.57665,0.61072,0.45782,0.43129,0.50933,0.3724,0.51114,0.57419,0.58029,0.60307,0.54509,0.55615,0.54093,0.5625,0.49974,0.41139,0.16998,0.5562,0.58003,0.33733,0.15196,0.4395,0.49929,0.56588,0.6225,0.70283,0.55012,0.69101,0.70155,0.47861,0.57235,0.64546,0.36102,0.56423,0.33575,0.32579,0.57297,0.65279,0.3935,0.36304,0.25068,0.50108,0.51572,0.51617
0.45138,0.76187,0.70001,0.20026,0.63509,0.62245,0.60022,0.16833,0.44705,0.66127,0.77671,0.74531,0.39221,0.63698,0.42171,0.44598,0.60021,0.51949,0.71622,0.12111,0.505,0.56929,0.32478,0.73898,0.73902,0.30788,0.73992,0.75016,0.44587,0.56918,0.57136,0.31953,0.57126,0.74194,0.79703,0.76357,0.77268,0.29057,0.39294,0.65535,1,0.79414,0.79753,0.75493,0.67772,0.77088,0.73553,0.6935,0.69135,0.76708,0.42174,0.45917,0.8256,0.57803,0.74414,0.67505,0.69027,0.70084,0.6638,0.61685,0.58394,0.38829,0.46775,0.75224,0.77634,0.78458,0.6068,0.80386,0.76557,0.77908,0.75242,0.69702,0.18002,0.79766,0.77496,0.34831,0.066587,0.41838,0.51116,0.64655,0.76203,0.72111,0.73628,0.76745,0.78157,0.65716,0.71011,0.75692,0.63829,0.7215,0.2655,0.30157,0.79789,0.78242,0.7178,0.32213,0.34826,0.77413,0.64565,0.6569
0.42358,0.88868,0.82357,0.18892,0.78051,0.7489,0.67798,0.20715,0.50288,0.75173,0.90688,0.88366,0.49532,0.76381,0.53723,0.53617,0.63535,0.64584,0.84623,0.27676,0.62276,0.56803,0.37385,0.80718,0.80618,0.40786,0.86964,0.85686,0.49229,0.51096,0.76894,0.37224,0.65294,0.83159,0.89923,0.81522,0.90453,0.30592,0.34257,0.64657,0.79414,1,0.90972,0.89116,0.76979,0.86179,0.65104,0.837,0.85006,0.92227,0.52086,0.53782,0.89796,0.6923,0.889,0.80502,0.77573,0.75777,0.82104,0.67686,0.59586,0.4209,0.50038,0.86472,0.91705,0.92518,0.65536,0.90476,0.89805,0.9141,0.87097,0.8274,0.25524,0.91037,0.91849,0.48992,0.12586,0.42602,0.49105,0.71349,0.85259,0.86126,0.89537,0.88468,0.84808,0.78111,0.74326,0.8558,0.66947,0.8605,0.32717,0.31687,0.90774,0.93441,0.77541,0.36104,0.52492,0.90528,0.76113,0.79251
0.35514,0.87126,0.8584,0.13955,0.72513,0.78562,0.67333,0.18447,0.49684,0.71457,0.89452,0.86878,0.45034,0.69774,0.52028,0.53953,0.66312,0.67623,0.84895,0.19258,0.6409,0.63175,0.43444,0.79216,0.85127,0.36899,0.86863,0.88585,0.51463,0.49117,0.76126,0.32474,0.58711,0.82586,0.9169,0.78616,0.89424,0.30384,0.31252,0.58538,0.79753,0.90972,1,0.91548,0.80558,0.89421,0.645,0.83153,0.79667,0.90687,0.54511,0.45308,0.87015,0.75165,0.90359,0.8369,0.76597,0.74408,0.85433,0.72777,0.62835,0.39411,0.49507,0.871,0.91678,0.89541,0.61135,0.92374,0.90983,0.91872,0.88488,0.85462,0.27734,0.9294,0.92286,0.47514,0.10068,0.41978,0.48403,0.70426,0.84293,0.78474,0.88905,0.83369,0.80564,0.74775,0.74387,0.8376,0.71444,0.85792,0.26452,0.35055,0.91825,0.90395,0.8273,0.29805,0.51621,0.90379,0.75008,0.78626
0.30326,0.88776,0.87216,0.12898,0.66272,0.79218,0.67945,0.18601,0.51777,0.69114,0.90483,0.90324,0.44096,0.65758,0.55252,0.53917,0.70927,0.66692,0.84784,0.22414,0.60875,0.64759,0.44672,0.73324,0.85773,0.35826,0.88059,0.90921,0.56167,0.47445,0.79008,0.3226,0.53243,0.82791,0.93587,0.7337,0.90895,0.28008,0.25526,0.51397,0.75493,0.89116,0.91548,1,0.83795,0.91707,0.5837,0.83128,0.80779,0.9191,0.55631,0.43513,0.87755,0.78588,0.94129,0.89514,0.7581,0.67643,0.87833,0.74795,0.60106,0.39998,0.46556,0.89272,0.93639,0.90371,0.58424,0.93879,0.92155,0.93451,0.9089,0.90598,0.24485,0.93896,0.94298,0.48909,0.10017,0.41697,0.46791,0.71561,0.79361,0.75963,0.9177,0.77299,0.73555,0.76909,0.72452,0.85075,0.75496,0.87372,0.25791,0.33819,0.9262,0.90497,0.87573,0.30499,0.55157,0.9251,0.7634,0.80523
0.23258,0.74361,0.80967,0.10824,0.49577,0.66065,0.59969,0.14559,0.46282,0.6054,0.76803,0.78048,0.34615,0.48626,0.48373,0.51193,0.67552,0.60725,0.69726,0.12003,0.60828,0.67461,0.41787,0.60028,0.7863,0.21259,0.75231,0.81202,0.54218,0.3638,0.67767,0.23475,0.37841,0.72493,0.81413,0.57562,0.76003,0.26679,0.20154,0.39646,0.67772,0.76979,0.80558,0.83795,1,0.81556,0.54085,0.77857,0.65866,0.77303,0.5022,0.31813,0.75118,0.73773,0.84332,0.82334,0.64104,0.54173,0.79206,0.66899,0.53104,0.35054,0.32808,0.75675,0.79798,0.78556,0.50317,0.84015,0.81469,0.82353,0.82512,0.80196,0.24677,0.82885,0.80296,0.38486,0.054416,0.33558,0.40934,0.60836,0.69458,0.60944,0.78665,0.65808,0.61784,0.68639,0.63557,0.70683,0.69561,0.74519,0.23411,0.30713,0.80933,0.77576,0.82827,0.17778,0.56137,0.82213,0.68044,0.71696
0.31145,0.89035,0.87509,0.11646,0.63113,0.79502,0.6332,0.17307,0.49985,0.68405,0.92768,0.92384,0.40574,0.64945,0.54226,0.54419,0.72005,0.658,0.81299,0.14347,0.60768,0.67459,0.49602,0.75302,0.85162,0.33079,0.90333,0.8935,0.54571,0.48996,0.76619,0.31028,0.54903,0.84962,0.94702,0.77037,0.91222,0.29212,0.26302,0.53525,0.77088,0.86179,0.89421,0.91707,0.81556,1,0.61011,0.83027,0.81126,0.92637,0.5762,0.42999,0.85472,0.80514,0.92739,0.88523,0.79448,0.70795,0.89733,0.80217,0.6194,0.44153,0.42834,0.91266,0.93375,0.91302,0.59468,0.93053,0.92958,0.94085,0.92563,0.88551,0.20845,0.93734,0.94008,0.44162,0.10156,0.40423,0.5135,0.70291,0.79468,0.77835,0.88597,0.76322,0.75425,0.7614,0.78328,0.86517,0.74953,0.88841,0.25452,0.38696,0.94034,0.89547,0.89636,0.29193,0.53807,0.90817,0.76419,0.80335
0.39159,0.59689,0.56087,0.11365,0.53159,0.4757,0.54967,0.12784,0.33534,0.65222,0.61828,0.57174,0.3052,0.55002,0.32072,0.44022,0.43674,0.40735,0.49704,0.043073,0.4097,0.4394,0.26316,0.62253,0.57577,0.25994,0.57102,0.56951,0.33109,0.66546,0.38593,0.29185,0.57143,0.59186,0.59317,0.70819,0.62246,0.25002,0.32781,0.64138,0.73553,0.65104,0.645,0.5837,0.54085,0.61011,1,0.55951,0.57869,0.61613,0.34461,0.47633,0.63494,0.40689,0.55028,0.45901,0.63403,0.56168,0.49185,0.52614,0.58382,0.34693,0.51947,0.6108,0.6202,0.63426,0.4943,0.61465,0.5801,0.60816,0.57635,0.45698,0.20368,0.60793,0.60614,0.26892,0.04652,0.3339,0.40944,0.50176,0.6178,0.63689,0.53943,0.69244,0.70467,0.52136,0.58468,0.61517,0.42785,0.56032,0.32386,0.27117,0.61859,0.63405,0.5458,0.36141,0.28639,0.54894,0.48937,0.48648
0.26844,0.79512,0.82684,0.11368,0.61457,0.70024,0.59274,0.15993,0.43422,0.64692,0.82795,0.82531,0.38491,0.60218,0.51719,0.59548,0.59762,0.62421,0.81691,0.16025,0.7112,0.6118,0.3839,0.687,0.81754,0.32677,0.81753,0.80075,0.45874,0.42068,0.70288,0.25904,0.46976,0.76389,0.85104,0.65933,0.8322,0.27017,0.24851,0.49804,0.6935,0.837,0.83153,0.83128,0.77857,0.83027,0.55951,1,0.74772,0.85318,0.48686,0.38063,0.80216,0.73967,0.86431,0.79885,0.67297,0.64588,0.79193,0.65087,0.54662,0.35864,0.42782,0.79551,0.8523,0.84176,0.5675,0.84878,0.84626,0.87391,0.82732,0.79243,0.35715,0.84776,0.86199,0.42596,0.10852,0.35241,0.46086,0.63688,0.72576,0.71812,0.79474,0.76437,0.696,0.75474,0.6768,0.75693,0.6566,0.80746,0.28987,0.32623,0.8391,0.82991,0.78282,0.2205,0.68377,0.86668,0.76522,0.79209
0.49425,0.88825,0.7348,0.32434,0.71412,0.73168,0.54291,0.2037,0.49651,0.73172,0.87061,0.856,0.55842,0.72996,0.58064,0.50655,0.56935,0.60162,0.8055,0.30046,0.50959,0.49194,0.36774,0.6932,0.75276,0.53972,0.84983,0.77287,0.47177,0.54164,0.76464,0.41751,0.67006,0.78591,0.81804,0.76467,0.87618,0.40561,0.31713,0.68467,0.69135,0.85006,0.79667,0.80779,0.65866,0.81126,0.57869,0.74772,1,0.90642,0.52721,0.68072,0.84813,0.58392,0.80642,0.74413,0.77709,0.65474,0.73271,0.66652,0.57337,0.45996,0.512,0.85524,0.8631,0.84408,0.6264,0.80095,0.81316,0.85666,0.78717,0.77287,0.23761,0.80878,0.87612,0.49326,0.18126,0.46247,0.54611,0.69593,0.72314,0.8835,0.82967,0.76284,0.73852,0.71936,0.73067,0.85252,0.60994,0.85099,0.44516,0.43327,0.81375,0.89104,0.6902,0.43208,0.53241,0.81038,0.78126,0.81891
0.38518,0.94197,0.84621,0.20075,0.7467,0.81272,0.64772,0.20355,0.50424,0.73613,0.95647,0.93957,0.53516,0.75526,0.5762,0.55748,0.65299,0.68231,0.86126,0.30751,0.60682,0.59321,0.44048,0.78458,0.85094,0.45351,0.92676,0.88629,0.51256,0.52227,0.84498,0.36577,0.62476,0.8499,0.94068,0.81094,0.95746,0.33439,0.29907,0.62119,0.76708,0.92227,0.90687,0.9191,0.77303,0.92637,0.61613,0.85318,0.90642,1,0.56444,0.52851,0.89071,0.74433,0.92842,0.86191,0.79369,0.74597,0.86085,0.74933,0.62006,0.43612,0.52599,0.91989,0.96382,0.93486,0.63272,0.91573,0.92619,0.96409,0.90088,0.88932,0.24143,0.93362,0.96966,0.50004,0.13749,0.4461,0.52992,0.7323,0.81179,0.8571,0.91756,0.82892,0.79924,0.77638,0.77863,0.88868,0.70186,0.9168,0.30741,0.39026,0.94289,0.9439,0.82624,0.32949,0.56294,0.92495,0.80473,0.84777
0.23864,0.5476,0.49158,0.13089,0.42996,0.46904,0.38137,0.24906,0.35977,0.39607,0.55521,0.53428,0.28822,0.38088,0.25916,0.39362,0.37429,0.51943,0.49712,0.063281,0.39219,0.47853,0.41392,0.50264,0.55337,0.27588,0.52157,0.55565,0.35232,0.2292,0.4778,0.32057,0.35083,0.54821,0.58146,0.47017,0.55006,0.2852,0.19915,0.36055,0.42174,0.52086,0.54511,0.55631,0.5022,0.5762,0.34461,0.48686,0.52721,0.56444,1,0.31385,0.52185,0.48983,0.55543,0.53251,0.45624,0.48952,0.60786,0.48919,0.38936,0.2733,0.31668,0.54016,0.55811,0.53999,0.35839,0.56035,0.54214,0.55352,0.56861,0.52923,0.19978,0.56205,0.5598,0.33198,0.057349,0.22162,0.36215,0.47311,0.47304,0.47707,0.57336,0.4943,0.48835,0.46524,0.47952,0.57739,0.44432,0.51191,0.18723,0.29508,0.56107,0.54262,0.5091,0.15708,0.37265,0.53686,0.51069,0.53973
0.50868,0.50846,0.35774,0.25898,0.45104,0.3661,0.26814,0.16706,0.29506,0.61363,0.47876,0.44425,0.37906,0.47498,0.31058,0.33879,0.24527,0.35696,0.45151,0.097065,0.22097,0.21444,0.14497,0.44933,0.35915,0.45703,0.4556,0.36406,0.25637,0.53023,0.31361,0.44006,0.74708,0.56919,0.41873,0.61903,0.53429,0.3548,0.26443,0.61409,0.45917,0.53782,0.45308,0.43513,0.31813,0.42999,0.47633,0.38063,0.68072,0.52851,0.31385,1,0.53726,0.18247,0.37287,0.29559,0.61607,0.38082,0.32458,0.4431,0.39018,0.4337,0.33637,0.58028,0.45411,0.49914,0.453,0.41451,0.40749,0.43167,0.37962,0.31982,0.18179,0.39686,0.47227,0.31996,0.076289,0.3606,0.41578,0.42322,0.45557,0.70152,0.4095,0.53592,0.48938,0.52127,0.4936,0.57689,0.30567,0.4406,0.66484,0.37197,0.40735,0.55084,0.32936,0.72149,0.29561,0.40613,0.48613,0.47255
0.47267,0.87299,0.81385,0.27447,0.73339,0.71157,0.6173,0.21765,0.55024,0.71514,0.87188,0.86291,0.45808,0.71523,0.55532,0.49793,0.66529,0.63272,0.86427,0.18733,0.58148,0.6305,0.37756,0.77228,0.8282,0.43677,0.83881,0.83694,0.52828,0.51054,0.71672,0.3757,0.62485,0.83024,0.89371,0.77631,0.89335,0.34357,0.36433,0.65523,0.8256,0.89796,0.87015,0.87755,0.75118,0.85472,0.63494,0.80216,0.84813,0.89071,0.52185,0.53726,1,0.65788,0.87241,0.79449,0.75084,0.73591,0.79155,0.66959,0.58627,0.40543,0.50536,0.85953,0.88316,0.87983,0.64596,0.89856,0.86429,0.88276,0.84307,0.83703,0.23405,0.88644,0.89405,0.48594,0.12859,0.46845,0.54934,0.73417,0.79344,0.81693,0.87218,0.82627,0.80107,0.77828,0.75261,0.86142,0.73602,0.83568,0.33134,0.36458,0.87611,0.90431,0.78784,0.38638,0.52346,0.89178,0.76043,0.79262
0.15611,0.71561,0.80671,0.073763,0.35632,0.73633,0.48508,0.10114,0.31695,0.38508,0.75866,0.7828,0.36274,0.48264,0.34677,0.4443,0.62726,0.56538,0.64329,0.22888,0.65304,0.68498,0.50284,0.63411,0.69878,0.08534,0.71563,0.79157,0.44141,0.20338,0.67508,0.1895,0.269,0.6536,0.82106,0.51717,0.75631,0.21551,0.14183,0.3132,0.57803,0.6923,0.75165,0.78588,0.73773,0.80514,0.40689,0.73967,0.58392,0.74433,0.48983,0.18247,0.65788,1,0.82623,0.82284,0.6136,0.55502,0.85088,0.70987,0.46839,0.20954,0.16422,0.76838,0.79753,0.7353,0.36973,0.76922,0.74248,0.80238,0.77649,0.78248,0.22417,0.78972,0.76728,0.2636,0.031061,0.23286,0.43223,0.56634,0.59369,0.51845,0.73371,0.56052,0.53594,0.65316,0.56735,0.69064,0.64417,0.67817,0.12471,0.26525,0.81698,0.69658,0.83721,0.13463,0.52204,0.80212,0.63674,0.69924
0.27024,0.89223,0.88444,0.12789,0.63342,0.7957,0.63818,0.16934,0.5264,0.65017,0.91949,0.93064,0.46086,0.64636,0.56279,0.53838,0.73533,0.66645,0.85659,0.28783,0.63693,0.6866,0.46699,0.7205,0.87705,0.32536,0.89849,0.90689,0.55747,0.41192,0.83932,0.29083,0.47863,0.82745,0.9496,0.69524,0.9187,0.27694,0.24393,0.48486,0.74414,0.889,0.90359,0.94129,0.84332,0.92739,0.55028,0.86431,0.80642,0.92842,0.55543,0.37287,0.87241,0.82623,1,0.93369,0.74188,0.67345,0.89492,0.761,0.57593,0.38088,0.41649,0.89297,0.94606,0.90704,0.57293,0.93885,0.92664,0.95364,0.92114,0.93565,0.25024,0.94499,0.94638,0.46118,0.10574,0.39725,0.46928,0.70046,0.77922,0.75063,0.92061,0.75382,0.726,0.78033,0.7355,0.85015,0.7715,0.88295,0.21992,0.34013,0.93713,0.89778,0.89297,0.24067,0.5897,0.95603,0.78837,0.8355
0.2112,0.84264,0.84701,0.11025,0.49958,0.76945,0.57858,0.14568,0.48902,0.56436,0.87694,0.90345,0.44576,0.55602,0.54144,0.46548,0.75736,0.58463,0.77942,0.32883,0.6047,0.66409,0.46616,0.61526,0.82371,0.22506,0.86879,0.87212,0.54688,0.32846,0.83539,0.2638,0.37568,0.76578,0.90019,0.58706,0.85877,0.24165,0.18544,0.37189,0.67505,0.80502,0.8369,0.89514,0.82334,0.88523,0.45901,0.79885,0.74413,0.86191,0.53251,0.29559,0.79449,0.82284,0.93369,1,0.70896,0.55298,0.86333,0.73269,0.52119,0.36669,0.29381,0.85029,0.89229,0.84759,0.53148,0.87804,0.88025,0.90203,0.89921,0.92267,0.23166,0.88702,0.88896,0.39515,0.067556,0.33819,0.41099,0.65073,0.70376,0.66092,0.86584,0.62045,0.61176,0.71866,0.69382,0.79112,0.76127,0.84656,0.16881,0.32632,0.87705,0.8188,0.88273,0.19078,0.58316,0.91475,0.74511,0.79621
0.41231,0.77882,0.73419,0.16796,0.54849,0.67591,0.50384,0.16687,0.3981,0.7071,0.79802,0.80021,0.4326,0.61653,0.44467,0.42544,0.56148,0.52896,0.68387,0.19862,0.51749,0.54206,0.35997,0.64056,0.68374,0.31712,0.76737,0.72089,0.44673,0.5715,0.62426,0.37827,0.68348,0.75996,0.76306,0.75257,0.81253,0.29862,0.23996,0.57665,0.69027,0.77573,0.76597,0.7581,0.64104,0.79448,0.63403,0.67297,0.77709,0.79369,0.45624,0.61607,0.75084,0.6136,0.74188,0.70896,1,0.58217,0.70061,0.72457,0.55912,0.45667,0.38052,0.84435,0.79113,0.79703,0.5425,0.74513,0.74522,0.77127,0.76478,0.68859,0.22604,0.7515,0.78724,0.33899,0.081911,0.35845,0.46187,0.60272,0.69455,0.78932,0.7133,0.69975,0.67539,0.68941,0.72919,0.77983,0.57857,0.76144,0.45242,0.3913,0.76616,0.79229,0.72698,0.56137,0.44645,0.74298,0.6539,0.68552
0.4133,0.70569,0.61799,0.1684,0.78624,0.59434,0.55879,0.21846,0.4047,0.56156,0.73737,0.68803,0.36568,0.7222,0.32448,0.44155,0.47661,0.55573,0.68615,0.085483,0.47738,0.44909,0.33372,0.85264,0.67304,0.37139,0.68272,0.674,0.35604,0.37378,0.56068,0.30824,0.60806,0.6712,0.7537,0.76872,0.72018,0.2593,0.41329,0.61072,0.70084,0.75777,0.74408,0.67643,0.54173,0.70795,0.56168,0.64588,0.65474,0.74597,0.48952,0.38082,0.73591,0.55502,0.67345,0.55298,0.58217,1,0.67603,0.51599,0.48872,0.30467,0.488,0.66185,0.73439,0.75073,0.54194,0.73951,0.73059,0.72717,0.6828,0.62705,0.14282,0.74402,0.73551,0.43571,0.081638,0.38839,0.51152,0.58015,0.74425,0.70934,0.69986,0.83007,0.82744,0.56223,0.66124,0.71623,0.47593,0.67884,0.16089,0.25931,0.77171,0.75248,0.56836,0.16589,0.29606,0.69107,0.58091,0.58797
0.27107,0.83518,0.86934,0.10762,0.61335,0.78817,0.56426,0.17639,0.44122,0.5451,0.85781,0.86446,0.37264,0.5984,0.457,0.46967,0.66398,0.71119,0.77355,0.15646,0.65936,0.67369,0.52179,0.7381,0.82409,0.31257,0.8317,0.87496,0.50879,0.31352,0.75642,0.26742,0.45069,0.7575,0.89855,0.65997,0.84868,0.27373,0.24016,0.45782,0.6638,0.82104,0.85433,0.87833,0.79206,0.89733,0.49185,0.79193,0.73271,0.86085,0.60786,0.32458,0.79155,0.85088,0.89492,0.86333,0.70061,0.67603,1,0.74953,0.56155,0.33222,0.32693,0.8476,0.87732,0.83986,0.49386,0.8821,0.86684,0.88627,0.87358,0.86885,0.18891,0.90083,0.87995,0.436,0.11036,0.37396,0.47283,0.69174,0.73136,0.66884,0.85949,0.70576,0.67355,0.72602,0.68177,0.81543,0.71835,0.81799,0.18701,0.33407,0.88937,0.83667,0.85197,0.20556,0.53045,0.88086,0.73295,0.776
0.27114,0.71443,0.72897,0.10555,0.38637,0.67857,0.42886,0.11266,0.35598,0.54345,0.73829,0.75035,0.37733,0.45128,0.37808,0.4483,0.59083,0.51886,0.60085,0.16135,0.48603,0.59207,0.45656,0.57824,0.67684,0.19451,0.71755,0.71606,0.4334,0.43366,0.6243,0.25939,0.50845,0.75027,0.75577,0.64256,0.76355,0.2324,0.18978,0.43129,0.61685,0.67686,0.72777,0.74795,0.66899,0.80217,0.52614,0.65087,0.66652,0.74933,0.48919,0.4431,0.66959,0.70987,0.761,0.73269,0.72457,0.51599,0.74953,1,0.52337,0.42659,0.26252,0.81187,0.75659,0.71937,0.40952,0.7262,0.70743,0.7582,0.72946,0.71177,0.1792,0.74105,0.74809,0.30927,0.052561,0.34256,0.42625,0.59865,0.61494,0.63107,0.6935,0.55831,0.55854,0.68204,0.65536,0.74035,0.64904,0.68559,0.30827,0.38144,0.75782,0.69549,0.7897,0.40007,0.45566,0.73665,0.64617,0.66397
0.30591,0.59875,0.56185,0.11615,0.49061,0.53227,0.4937,0.14426,0.30738,0.56233,0.60496,0.5831,0.32584,0.47836,0.32951,0.41614,0.39476,0.46253,0.52761,0.088603,0.40397,0.41307,0.3077,0.5425,0.58499,0.29448,0.58793,0.58411,0.34867,0.53065,0.47674,0.26201,0.46349,0.59404,0.60734,0.60487,0.61295,0.28555,0.23659,0.50933,0.58394,0.59586,0.62835,0.60106,0.53104,0.6194,0.58382,0.54662,0.57337,0.62006,0.38936,0.39018,0.58627,0.46839,0.57593,0.52119,0.55912,0.48872,0.56155,0.52337,1,0.2981,0.48902,0.6142,0.62165,0.5939,0.37853,0.60269,0.58261,0.60984,0.58304,0.5226,0.19713,0.61004,0.61967,0.33855,0.076457,0.31923,0.38416,0.4936,0.5556,0.55792,0.57141,0.56975,0.57006,0.50916,0.52864,0.60831,0.44952,0.56832,0.24683,0.3285,0.61382,0.60107,0.54572,0.28495,0.31667,0.56684,0.52213,0.54075
0.2933,0.40485,0.32447,0.10175,0.32079,0.3419,0.27776,0.084362,0.20897,0.48041,0.43051,0.42671,0.21665,0.28468,0.29138,0.31782,0.29744,0.26394,0.3752,0.040786,0.18661,0.20479,0.1754,0.35759,0.36941,0.23979,0.46883,0.35857,0.2518,0.3785,0.31755,0.23624,0.48499,0.50014,0.39633,0.44411,0.42861,0.17338,0.22912,0.3724,0.38829,0.4209,0.39411,0.39998,0.35054,0.44153,0.34693,0.35864,0.45996,0.43612,0.2733,0.4337,0.40543,0.20954,0.38088,0.36669,0.45667,0.30467,0.33222,0.42659,0.2981,1,0.19581,0.46791,0.40698,0.44377,0.43532,0.40914,0.4371,0.39407,0.41123,0.34714,0.18769,0.3932,0.42552,0.24713,0.070367,0.23928,0.25011,0.33801,0.45112,0.49026,0.37421,0.37356,0.39362,0.39024,0.44465,0.47536,0.31153,0.45846,0.29282,0.34988,0.39232,0.44771,0.37596,0.37633,0.25429,0.37492,0.3876,0.34647
0.25385,0.50455,0.34662,0.13094,0.63518,0.364,0.54424,0.2212,0.32667,0.57238,0.47772,0.42728,0.26342,0.52184,0.32136,0.36749,0.21259,0.38853,0.48397,0.057004,0.18829,0.17705,0.14381,0.46208,0.51314,0.5134,0.45794,0.42511,0.21468,0.6319,0.36542,0.2892,0.41649,0.42401,0.44277,0.55756,0.48243,0.22438,0.20251,0.51114,0.46775,0.50038,0.49507,0.46556,0.32808,0.42834,0.51947,0.42782,0.512,0.52599,0.31668,0.33637,0.50536,0.16422,0.41649,0.29381,0.38052,0.488,0.32693,0.26252,0.48902,0.19581,1,0.40546,0.50278,0.48934,0.32569,0.47583,0.46329,0.48063,0.42197,0.36598,0.11775,0.47,0.51826,0.37618,0.13823,0.38379,0.26478,0.3874,0.42672,0.50117,0.49042,0.57922,0.56139,0.32668,0.38097,0.44969,0.27662,0.48597,0.14499,0.19816,0.47036,0.52113,0.29161,0.13924,0.19557,0.40701,0.38279,0.39651
0.40484,0.89419,0.8375,0.2059,0.60383,0.79841,0.55826,0.17005,0.46561,0.70415,0.90482,0.91141,0.48188,0.66112,0.52716,0.51024,0.65427,0.63568,0.79996,0.26965,0.58071,0.62067,0.45535,0.72706,0.80033,0.35034,0.88305,0.8475,0.50965,0.52626,0.77473,0.35027,0.65188,0.85694,0.90879,0.79352,0.93916,0.31826,0.26367,0.57419,0.75224,0.86472,0.871,0.89272,0.75675,0.91266,0.6108,0.79551,0.85524,0.91989,0.54016,0.58028,0.85953,0.76838,0.89297,0.85029,0.84435,0.66185,0.8476,0.81187,0.6142,0.46791,0.40546,1,0.92014,0.89086,0.58165,0.87376,0.86689,0.91308,0.86628,0.85217,0.23035,0.88392,0.91844,0.42938,0.099148,0.42478,0.52954,0.71282,0.76186,0.80837,0.84728,0.74679,0.73047,0.79523,0.76635,0.88196,0.71121,0.85856,0.38099,0.42755,0.89754,0.88762,0.8625,0.50371,0.54041,0.88838,0.76522,0.80135
0.34326,0.93763,0.8661,0.16855,0.70981,0.8279,0.66792,0.19351,0.50213,0.70794,0.9575,0.95045,0.52809,0.73966,0.55209,0.55596,0.68481,0.66232,0.84824,0.33448,0.61819,0.62549,0.4508,0.77854,0.8597,0.39068,0.92375,0.90192,0.52475,0.51258,0.84952,0.34782,0.56927,0.83441,0.95366,0.78958,0.95519,0.30655,0.27938,0.58029,0.77634,0.91705,0.91678,0.93639,0.79798,0.93375,0.6202,0.8523,0.8631,0.96382,0.55811,0.45411,0.88316,0.79753,0.94606,0.89229,0.79113,0.73439,0.87732,0.75659,0.62165,0.40698,0.50278,0.92014,1,0.93607,0.60234,0.9269,0.92743,0.96977,0.91435,0.90735,0.23549,0.9458,0.97809,0.4718,0.11797,0.42673,0.51769,0.72053,0.80505,0.81903,0.92362,0.8114,0.78805,0.76498,0.75884,0.88182,0.71296,0.91065,0.2611,0.36572,0.95668,0.93061,0.85702,0.29409,0.53696,0.93522,0.78899,0.83768
0.37622,0.90211,0.8381,0.18135,0.73254,0.76584,0.67902,0.1995,0.49625,0.74558,0.93705,0.92678,0.47734,0.74625,0.54798,0.54826,0.6821,0.6512,0.83034,0.25239,0.60586,0.59532,0.41233,0.80021,0.82096,0.37856,0.90456,0.87242,0.51137,0.51745,0.7806,0.36525,0.61467,0.83379,0.92744,0.802,0.92061,0.3017,0.28405,0.60307,0.78458,0.92518,0.89541,0.90371,0.78556,0.91302,0.63426,0.84176,0.84408,0.93486,0.53999,0.49914,0.87983,0.7353,0.90704,0.84759,0.79703,0.75073,0.83986,0.71937,0.5939,0.44377,0.48934,0.89086,0.93607,1,0.64893,0.91644,0.92756,0.93503,0.90537,0.85449,0.23895,0.92226,0.9374,0.47343,0.10419,0.4205,0.50262,0.71566,0.82456,0.84725,0.8915,0.84791,0.81784,0.77022,0.78166,0.86786,0.691,0.89673,0.30011,0.35472,0.93247,0.93315,0.82055,0.32366,0.52237,0.90609,0.7631,0.79834
0.43747,0.62497,0.51133,0.2293,0.58368,0.47984,0.45847,0.15291,0.40653,0.6188,0.64946,0.60517,0.34228,0.54605,0.44637,0.38768,0.49447,0.41938,0.58703,0.1319,0.3829,0.35188,0.2379,0.58643,0.55397,0.31628,0.65867,0.58057,0.35707,0.39116,0.49074,0.29413,0.51047,0.58885,0.60765,0.60192,0.613,0.26185,0.3348,0.54509,0.6068,0.65536,0.61135,0.58424,0.50317,0.59468,0.4943,0.5675,0.6264,0.63272,0.35839,0.453,0.64596,0.36973,0.57293,0.53148,0.5425,0.54194,0.49386,0.40952,0.37853,0.43532,0.32569,0.58165,0.60234,0.64893,1,0.62088,0.65703,0.61065,0.6082,0.53121,0.19638,0.60655,0.62408,0.34708,0.087139,0.31223,0.38671,0.54681,0.64012,0.65908,0.58454,0.6423,0.64277,0.51095,0.61477,0.62491,0.45171,0.64605,0.25401,0.26791,0.59513,0.66904,0.48805,0.25876,0.36448,0.59034,0.5334,0.52713
0.33946,0.88422,0.87697,0.14206,0.71,0.77277,0.68693,0.19493,0.56478,0.69665,0.907,0.89757,0.40457,0.6796,0.56537,0.54821,0.73405,0.67977,0.86304,0.13691,0.62338,0.68034,0.4423,0.78416,0.88071,0.3637,0.88696,0.91,0.5738,0.46887,0.7608,0.31917,0.54072,0.84206,0.94964,0.76024,0.89666,0.28688,0.30438,0.55615,0.80386,0.90476,0.92374,0.93879,0.84015,0.93053,0.61465,0.84878,0.80095,0.91573,0.56035,0.41451,0.89856,0.76922,0.93885,0.87804,0.74513,0.73951,0.8821,0.7262,0.60269,0.40914,0.47583,0.87376,0.9269,0.91644,0.62088,1,0.93874,0.93658,0.91669,0.89354,0.23214,0.9578,0.93872,0.49265,0.097492,0.43796,0.49279,0.71996,0.83263,0.77329,0.91661,0.821,0.79717,0.76245,0.76185,0.8625,0.77132,0.87883,0.23081,0.33964,0.94382,0.91428,0.87164,0.25292,0.53006,0.92959,0.76735,0.80189
0.3038,0.89205,0.8591,0.11568,0.72569,0.7718,0.69206,0.20188,0.50377,0.71237,0.92815,0.91332,0.42142,0.69371,0.57495,0.54778,0.7129,0.68015,0.84941,0.18678,0.61167,0.60687,0.42611,0.76254,0.85019,0.38729,0.92828,0.89942,0.52862,0.45325,0.79592,0.31868,0.53862,0.82212,0.93667,0.74903,0.89691,0.28222,0.28526,0.54093,0.76557,0.89805,0.90983,0.92155,0.81469,0.92958,0.5801,0.84626,0.81316,0.92619,0.54214,0.40749,0.86429,0.74248,0.92664,0.88025,0.74522,0.73059,0.86684,0.70743,0.58261,0.4371,0.46329,0.86689,0.92743,0.92756,0.65703,0.93874,1,0.94082,0.92403,0.8906,0.22619,0.94561,0.94474,0.49289,0.12443,0.39865,0.4533,0.71018,0.83714,0.79279,0.9108,0.80829,0.7818,0.73552,0.77113,0.83589,0.72233,0.92159,0.21649,0.34451,0.93168,0.92439,0.84641,0.22186,0.53493,0.9146,0.75704,0.79829
0.32546,0.93282,0.88261,0.16659,0.69569,0.8299,0.66047,0.18917,0.50559,0.69323,0.94968,0.94662,0.50558,0.71122,0.56648,0.55087,0.69266,0.67107,0.85677,0.30487,0.64072,0.63862,0.46191,0.76569,0.86965,0.37749,0.92655,0.91257,0.53205,0.48095,0.85127,0.32711,0.53543,0.83455,0.95573,0.76807,0.9466,0.30237,0.2813,0.5625,0.77908,0.9141,0.91872,0.93451,0.82353,0.94085,0.60816,0.87391,0.85666,0.96409,0.55352,0.43167,0.88276,0.80238,0.95364,0.90203,0.77127,0.72717,0.88627,0.7582,0.60984,0.39407,0.48063,0.91308,0.96977,0.93503,0.61065,0.93658,0.94082,1,0.92515,0.91486,0.23177,0.95478,0.96901,0.47026,0.11603,0.42745,0.51012,0.72376,0.80962,0.80249,0.92491,0.80018,0.77585,0.77357,0.76153,0.86702,0.73634,0.91712,0.24887,0.36502,0.96278,0.92748,0.87821,0.25768,0.57819,0.94729,0.79503,0.84413
0.28634,0.87325,0.86079,0.10973,0.64397,0.76777,0.65152,0.18255,0.49548,0.66831,0.90915,0.9112,0.42214,0.6417,0.54854,0.50666,0.70842,0.64978,0.80902,0.21313,0.63238,0.6523,0.46461,0.72414,0.84672,0.31682,0.89265,0.88621,0.53284,0.4394,0.79159,0.30488,0.49486,0.79948,0.92677,0.71644,0.88632,0.27515,0.25515,0.49974,0.75242,0.87097,0.88488,0.9089,0.82512,0.92563,0.57635,0.82732,0.78717,0.90088,0.56861,0.37962,0.84307,0.77649,0.92114,0.89921,0.76478,0.6828,0.87358,0.72946,0.58304,0.41123,0.42197,0.86628,0.91435,0.90537,0.6082,0.91669,0.92403,0.92515,1,0.88951,0.2221,0.92375,0.91855,0.43484,0.09112,0.39214,0.45639,0.68493,0.79378,0.7511,0.88844,0.75351,0.73633,0.74441,0.75211,0.83072,0.72974,0.89305,0.21435,0.3492,0.91659,0.8838,0.87032,0.22938,0.53724,0.91022,0.7505,0.7944
0.23838,0.86945,0.84904,0.1212,0.60094,0.77518,0.57893,0.15453,0.50225,0.57436,0.87981,0.89696,0.44448,0.6018,0.55387,0.44893,0.71429,0.65284,0.83245,0.31954,0.5783,0.64373,0.45559,0.65257,0.83813,0.33576,0.86639,0.87034,0.54314,0.32332,0.85317,0.25422,0.42065,0.77614,0.91757,0.62138,0.87946,0.26081,0.21074,0.41139,0.69702,0.8274,0.85462,0.90598,0.80196,0.88551,0.45698,0.79243,0.77287,0.88932,0.52923,0.31982,0.83703,0.78248,0.93565,0.92267,0.68859,0.62705,0.86885,0.71177,0.5226,0.34714,0.36598,0.85217,0.90735,0.85449,0.53121,0.89354,0.8906,0.91486,0.88951,1,0.17275,0.90804,0.91627,0.46472,0.11269,0.388,0.4343,0.66665,0.73221,0.68524,0.89882,0.66368,0.6423,0.72328,0.69372,0.80669,0.775,0.85742,0.16652,0.32142,0.89486,0.8478,0.86182,0.19653,0.55073,0.92719,0.75006,0.80602
0.099973,0.19041,0.22844,0.043071,0.14634,0.18074,0.21823,0.035153,0.10695,0.25236,0.22477,0.20579,0.13147,0.14654,0.1406,0.32985,0.11013,0.15169,0.28464,0.027688,0.29336,0.21968,0.09233,0.20722,0.24685,0.077714,0.21852,0.23281,0.12621,0.15194,0.16198,0.12687,0.18801,0.29432,0.22646,0.18413,0.24046,0.16215,0.084549,0.16998,0.18002,0.25524,0.27734,0.24485,0.24677,0.20845,0.20368,0.35715,0.23761,0.24143,0.19978,0.18179,0.23405,0.22417,0.25024,0.23166,0.22604,0.14282,0.18891,0.1792,0.19713,0.18769,0.11775,0.23035,0.23549,0.23895,0.19638,0.23214,0.22619,0.23177,0.2221,0.17275,1,0.21505,0.23314,0.17329,0.015339,0.065397,0.12265,0.16945,0.22807,0.24376,0.19385,0.25352,0.21472,0.26003,0.22259,0.22959,0.17031,0.19623,0.1795,0.13855,0.20705,0.24071,0.19768,0.15681,0.36145,0.2386,0.25356,0.27767
0.32128,0.90657,0.88179,0.13339,0.72103,0.79599,0.68056,0.1973,0.52408,0.68989,0.92627,0.91588,0.4385,0.70006,0.55474,0.53717,0.70655,0.69317,0.85523,0.20404,0.62845,0.65684,0.45814,0.78351,0.86577,0.37939,0.90857,0.92523,0.55836,0.45546,0.80393,0.32208,0.52936,0.83917,0.95655,0.76327,0.91262,0.28338,0.29024,0.5562,0.79766,0.91037,0.9294,0.93896,0.82885,0.93734,0.60793,0.84776,0.80878,0.93362,0.56205,0.39686,0.88644,0.78972,0.94499,0.88702,0.7515,0.74402,0.90083,0.74105,0.61004,0.3932,0.47,0.88392,0.9458,0.92226,0.60655,0.9578,0.94561,0.95478,0.92375,0.90804,0.21505,1,0.95307,0.49237,0.11529,0.42981,0.49994,0.73359,0.83257,0.77761,0.93066,0.81573,0.792,0.7538,0.75148,0.85503,0.75517,0.89959,0.20867,0.34057,0.95926,0.9231,0.87092,0.23469,0.5149,0.93604,0.76908,0.81025
0.34452,0.94126,0.87108,0.16004,0.73775,0.81856,0.66185,0.20137,0.51788,0.72774,0.95306,0.94397,0.49146,0.728,0.57694,0.56255,0.68539,0.69105,0.8764,0.27289,0.61249,0.61611,0.4462,0.77378,0.86977,0.43706,0.93292,0.90496,0.53099,0.50584,0.8412,0.3496,0.58277,0.84694,0.95352,0.79172,0.95067,0.31115,0.28144,0.58003,0.77496,0.91849,0.92286,0.94298,0.80296,0.94008,0.60614,0.86199,0.87612,0.96966,0.5598,0.47227,0.89405,0.76728,0.94638,0.88896,0.78724,0.73551,0.87995,0.74809,0.61967,0.42552,0.51826,0.91844,0.97809,0.9374,0.62408,0.93872,0.94474,0.96901,0.91855,0.91627,0.23314,0.95307,1,0.50257,0.14472,0.43712,0.50873,0.7276,0.81691,0.82784,0.93239,0.81981,0.78715,0.77058,0.77197,0.88216,0.72925,0.9282,0.27426,0.37565,0.95187,0.94231,0.85669,0.30108,0.55589,0.93694,0.79389,0.84121
0.23296,0.46776,0.39921,0.12878,0.5442,0.3921,0.41125,0.2295,0.33493,0.44367,0.45754,0.43579,0.22411,0.38814,0.38485,0.29591,0.30297,0.43668,0.50188,0.055413,0.26627,0.22429,0.17805,0.42836,0.4535,0.43374,0.46372,0.4447,0.30033,0.25839,0.43521,0.26324,0.3781,0.46698,0.46157,0.42771,0.45183,0.20171,0.229,0.33733,0.34831,0.48992,0.47514,0.48909,0.38486,0.44162,0.26892,0.42596,0.49326,0.50004,0.33198,0.31996,0.48594,0.2636,0.46118,0.39515,0.33899,0.43571,0.436,0.30927,0.33855,0.24713,0.37618,0.42938,0.4718,0.47343,0.34708,0.49265,0.49289,0.47026,0.43484,0.46472,0.17329,0.49237,0.50257,1,0.094435,0.27893,0.27107,0.40474,0.46264,0.45142,0.5103,0.47469,0.43949,0.35101,0.38105,0.4366,0.342,0.46882,0.15201,0.20875,0.46045,0.51821,0.34163,0.1468,0.24149,0.45154,0.40778,0.4163
0.048207,0.15131,0.11596,0.036364,0.20457,0.11693,0.054812,0.029051,0.051457,0.11864,0.12054,0.12162,0.072645,0.096091,0.12679,0.052375,0.040781,0.14093,0.18196,0.018626,0.079335,0.035354,0.038164,0.062364,0.10003,0.3292,0.16501,0.095252,0.055178,0.065251,0.11671,0.0575,0.074962,0.089403,0.094591,0.091352,0.12134,0.069941,0.037257,0.15196,0.066587,0.12586,0.10068,0.10017,0.054416,0.10156,0.04652,0.10852,0.18126,0.13749,0.057349,0.076289,0.12859,0.031061,0.10574,0.067556,0.081911,0.081638,0.11036,0.052561,0.076457,0.070367,0.13823,0.099148,0.11797,0.10419,0.087139,0.097492,0.12443,0.11603,0.09112,0.11269,0.015339,0.11529,0.14472,0.094435,1.0001,0.05974,0.057771,0.10064,0.098534,0.14107,0.15352,0.10957,0.071152,0.090319,0.094841,0.11641,0.075548,0.18767,0.048169,0.058806,0.10103,0.16225,0.053394,0.047903,0.067295,0.098465,0.099845,0.12072
0.3414,0.43365,0.35227,0.17438,0.46193,0.36405,0.28551,0.10665,0.27185,0.42715,0.40696,0.40773,0.26327,0.40199,0.26706,0.29389,0.28981,0.33222,0.44694,0.081075,0.21404,0.2309,0.2233,0.46715,0.45817,0.33437,0.42192,0.39245,0.2221,0.3623,0.3467,0.20327,0.37076,0.4078,0.41168,0.46694,0.42988,0.21188,0.31516,0.4395,0.41838,0.42602,0.41978,0.41697,0.33558,0.40423,0.3339,0.35241,0.46247,0.4461,0.22162,0.3606,0.46845,0.23286,0.39725,0.33819,0.35845,0.38839,0.37396,0.34256,0.31923,0.23928,0.38379,0.42478,0.42673,0.4205,0.31223,0.43796,0.39865,0.42745,0.39214,0.388,0.065397,0.42981,0.43712,0.27893,0.05974,1,0.3337,0.36937,0.40307,0.42615,0.41808,0.42026,0.41576,0.40734,0.39379,0.50149,0.41204,0.42332,0.20145,0.21009,0.42372,0.42924,0.33176,0.20275,0.20905,0.41247,0.37125,0.38277
0.46949,0.5233,0.44745,0.34473,0.40196,0.42281,0.2798,0.11633,0.28497,0.40011,0.5093,0.50113,0.31944,0.44215,0.30319,0.32983,0.34205,0.37128,0.45162,0.074265,0.34711,0.40967,0.26739,0.52339,0.4678,0.2692,0.47922,0.46987,0.29202,0.30747,0.38729,0.26778,0.4053,0.50113,0.51856,0.52386,0.52089,0.33813,0.33942,0.49929,0.51116,0.49105,0.48403,0.46791,0.40934,0.5135,0.40944,0.46086,0.54611,0.52992,0.36215,0.41578,0.54934,0.43223,0.46928,0.41099,0.46187,0.51152,0.47283,0.42625,0.38416,0.25011,0.26478,0.52954,0.51769,0.50262,0.38671,0.49279,0.4533,0.51012,0.45639,0.4343,0.12265,0.49994,0.50873,0.27107,0.057771,0.3337,1,0.50373,0.43723,0.50423,0.46198,0.49104,0.51135,0.43631,0.47361,0.54902,0.36636,0.45855,0.27897,0.29658,0.5159,0.53175,0.42567,0.24079,0.25091,0.47373,0.50295,0.52034
0.53096,0.74185,0.66679,0.41961,0.57417,0.61717,0.51165,0.16574,0.41902,0.57812,0.73123,0.70256,0.39842,0.5698,0.48864,0.41398,0.52665,0.53747,0.63508,0.15974,0.46843,0.5088,0.34479,0.6193,0.66068,0.34735,0.70615,0.71086,0.46205,0.41955,0.60103,0.30211,0.47016,0.66542,0.72006,0.62299,0.70793,0.32541,0.30852,0.56588,0.64655,0.71349,0.70426,0.71561,0.60836,0.70291,0.50176,0.63688,0.69593,0.7323,0.47311,0.42322,0.73417,0.56634,0.70046,0.65073,0.60272,0.58015,0.69174,0.59865,0.4936,0.33801,0.3874,0.71282,0.72053,0.71566,0.54681,0.71996,0.71018,0.72376,0.68493,0.66665,0.16945,0.73359,0.7276,0.40474,0.10064,0.36937,0.50373,1,0.65497,0.63482,0.73076,0.64158,0.64066,0.61206,0.61935,0.71454,0.56636,0.70193,0.21989,0.33014,0.72818,0.76293,0.64825,0.2514,0.40576,0.69564,0.6268,0.67055
0.43408,0.77992,0.72876,0.15312,0.73978,0.65798,0.67091,0.22422,0.44575,0.6988,0.8193,0.77561,0.40156,0.68258,0.48275,0.45563,0.57396,0.59355,0.75195,0.15397,0.53091,0.48446,0.36456,0.77301,0.71733,0.36142,0.79653,0.77768,0.4491,0.44527,0.65513,0.35707,0.63316,0.78885,0.81609,0.77807,0.78752,0.27054,0.3873,0.6225,0.76203,0.85259,0.84293,0.79361,0.69458,0.79468,0.6178,0.72576,0.72314,0.81179,0.47304,0.45557,0.79344,0.59369,0.77922,0.70376,0.69455,0.74425,0.73136,0.61494,0.5556,0.45112,0.42672,0.76186,0.80505,0.82456,0.64012,0.83263,0.83714,0.80962,0.79378,0.73221,0.22807,0.83257,0.81691,0.46264,0.098534,0.40307,0.43723,0.65497,1,0.75892,0.79697,0.8056,0.81172,0.64581,0.73938,0.77627,0.60425,0.78563,0.23104,0.31041,0.82754,0.83278,0.69829,0.2812,0.40109,0.78485,0.65883,0.6636
0.47017,0.82543,0.67913,0.20147,0.75188,0.65641,0.5546,0.18967,0.4724,0.76292,0.84142,0.80643,0.50896,0.76345,0.49023,0.50897,0.55237,0.55486,0.76477,0.24354,0.48083,0.45772,0.31347,0.75149,0.70417,0.45728,0.80612,0.71859,0.43062,0.57557,0.66471,0.41634,0.75782,0.77787,0.78241,0.83398,0.84361,0.35109,0.3606,0.70283,0.72111,0.86126,0.78474,0.75963,0.60944,0.77835,0.63689,0.71812,0.8835,0.8571,0.47707,0.70152,0.81693,0.51845,0.75063,0.66092,0.78932,0.70934,0.66884,0.63107,0.55792,0.49026,0.50117,0.80837,0.81903,0.84725,0.65908,0.77329,0.79279,0.80249,0.7511,0.68524,0.24376,0.77761,0.82784,0.45142,0.14107,0.42615,0.50423,0.63482,0.75892,1,0.76851,0.83341,0.80695,0.71056,0.73996,0.82978,0.54911,0.7959,0.47617,0.37421,0.78571,0.86533,0.62488,0.48394,0.46261,0.76641,0.7195,0.72585
0.33239,0.90288,0.8377,0.18755,0.73012,0.77957,0.66901,0.20814,0.53469,0.67966,0.90214,0.89317,0.46919,0.69288,0.57506,0.4944,0.68578,0.68403,0.84438,0.26931,0.57521,0.61378,0.42198,0.73281,0.83063,0.44098,0.88053,0.89874,0.55166,0.43903,0.82524,0.33522,0.5079,0.79972,0.91593,0.71739,0.88906,0.3006,0.2684,0.55012,0.73628,0.89537,0.88905,0.9177,0.78665,0.88597,0.53943,0.79474,0.82967,0.91756,0.57336,0.4095,0.87218,0.73371,0.92061,0.86584,0.7133,0.69986,0.85949,0.6935,0.57141,0.37421,0.49042,0.84728,0.92362,0.8915,0.58454,0.91661,0.9108,0.92491,0.88844,0.89882,0.19385,0.93066,0.93239,0.5103,0.15352,0.41808,0.46198,0.73076,0.79697,0.76851,1,0.78244,0.75554,0.72225,0.71345,0.83816,0.72343,0.88208,0.19814,0.33262,0.91681,0.91316,0.81542,0.23087,0.49434,0.90527,0.75768,0.81077
0.43697,0.78805,0.70405,0.15555,0.85767,0.64454,0.64351,0.24145,0.48396,0.74775,0.81201,0.75627,0.4082,0.77902,0.42311,0.53385,0.52428,0.62382,0.76914,0.10058,0.55815,0.52964,0.31237,0.86907,0.74454,0.44619,0.76085,0.75265,0.4372,0.52387,0.60483,0.37285,0.701,0.75504,0.80092,0.84858,0.81031,0.28521,0.36738,0.69101,0.76745,0.88468,0.83369,0.77299,0.65808,0.76322,0.69244,0.76437,0.76284,0.82892,0.4943,0.53592,0.82627,0.56052,0.75382,0.62045,0.69975,0.83007,0.70576,0.55831,0.56975,0.37356,0.57922,0.74679,0.8114,0.84791,0.6423,0.821,0.80829,0.80018,0.75351,0.66368,0.25352,0.81573,0.81981,0.47469,0.10957,0.42026,0.49104,0.64158,0.8056,0.83341,0.78244,1,0.89309,0.68843,0.69845,0.79236,0.53834,0.76219,0.30863,0.2704,0.82161,0.86303,0.62333,0.31872,0.40789,0.76369,0.66293,0.66906
0.48648,0.76133,0.655,0.21715,0.7949,0.62532,0.62858,0.21026,0.48268,0.70232,0.79874,0.73872,0.40995,0.75988,0.43155,0.49623,0.54062,0.54206,0.70811,0.12341,0.48424,0.4922,0.31946,0.865,0.71085,0.36737,0.7425,0.72809,0.42512,0.52305,0.59579,0.36024,0.66872,0.74711,0.79077,0.85685,0.77687,0.30251,0.42402,0.70155,0.78157,0.84808,0.80564,0.73555,0.61784,0.75425,0.70467,0.696,0.73852,0.79924,0.48835,0.48938,0.80107,0.53594,0.726,0.61176,0.67539,0.82744,0.67355,0.55854,0.57006,0.39362,0.56139,0.73047,0.78805,0.81784,0.64277,0.79717,0.7818,0.77585,0.73633,0.6423,0.21472,0.792,0.78715,0.43949,0.071152,0.41576,0.51135,0.64066,0.81172,0.80695,0.75554,0.89309,1,0.62804,0.70665,0.78678,0.52832,0.73168,0.24356,0.30424,0.80226,0.82184,0.61149,0.2758,0.34587,0.73273,0.64404,0.63482
0.31104,0.73354,0.7512,0.10293,0.51406,0.62903,0.46161,0.13141,0.42476,0.60143,0.7461,0.75086,0.37582,0.53438,0.41728,0.50541,0.55545,0.59136,0.74525,0.14479,0.58307,0.60686,0.36543,0.64279,0.7201,0.28748,0.72413,0.71647,0.4145,0.42566,0.59669,0.27782,0.56384,0.73485,0.76966,0.65338,0.79164,0.27682,0.25007,0.47861,0.65716,0.78111,0.74775,0.76909,0.68639,0.7614,0.52136,0.75474,0.71936,0.77638,0.46524,0.52127,0.77828,0.65316,0.78033,0.71866,0.68941,0.56223,0.72602,0.68204,0.50916,0.39024,0.32668,0.79523,0.76498,0.77022,0.51095,0.76245,0.73552,0.77357,0.74441,0.72328,0.26003,0.7538,0.77058,0.35101,0.090319,0.40734,0.43631,0.61206,0.64581,0.71056,0.72225,0.68843,0.62804,1,0.64306,0.76619,0.66346,0.71145,0.39813,0.35066,0.75136,0.75062,0.73766,0.44196,0.58794,0.80066,0.69287,0.70573
0.43776,0.75151,0.70404,0.18546,0.60497,0.60758,0.50702,0.16195,0.44806,0.67226,0.78064,0.77184,0.38145,0.58514,0.46189,0.46463,0.57827,0.54666,0.69724,0.12657,0.49234,0.55567,0.3595,0.67069,0.71081,0.33277,0.77231,0.70979,0.44082,0.4638,0.61633,0.32259,0.6163,0.7638,0.77136,0.72977,0.7661,0.31157,0.31592,0.57235,0.71011,0.74326,0.74387,0.72452,0.63557,0.78328,0.58468,0.6768,0.73067,0.77863,0.47952,0.4936,0.75261,0.56735,0.7355,0.69382,0.72919,0.66124,0.68177,0.65536,0.52864,0.44465,0.38097,0.76635,0.75884,0.78166,0.61477,0.76185,0.77113,0.76153,0.75211,0.69372,0.22259,0.75148,0.77197,0.38105,0.094841,0.39379,0.47361,0.61935,0.73938,0.73996,0.71345,0.69845,0.70665,0.64306,1,0.77388,0.59478,0.74907,0.30557,0.38285,0.77066,0.76234,0.68768,0.34392,0.42882,0.73592,0.63763,0.66296
0.45842,0.8646,0.78009,0.21862,0.6884,0.77097,0.5565,0.20383,0.50976,0.69856,0.88045,0.87647,0.48881,0.69422,0.47084,0.52595,0.63708,0.6169,0.80623,0.23875,0.54895,0.61418,0.45804,0.79661,0.81223,0.39166,0.84097,0.81072,0.51443,0.49659,0.73152,0.38903,0.65653,0.84174,0.88441,0.80535,0.88789,0.35336,0.3452,0.64546,0.75692,0.8558,0.8376,0.85075,0.70683,0.86517,0.61517,0.75693,0.85252,0.88868,0.57739,0.57689,0.86142,0.69064,0.85015,0.79112,0.77983,0.71623,0.81543,0.74035,0.60831,0.47536,0.44969,0.88196,0.88182,0.86786,0.62491,0.8625,0.83589,0.86702,0.83072,0.80669,0.22959,0.85503,0.88216,0.4366,0.11641,0.50149,0.54902,0.71454,0.77627,0.82978,0.83816,0.79236,0.78678,0.76619,0.77388,1,0.70219,0.82233,0.36406,0.41787,0.87183,0.86917,0.77282,0.41117,0.50592,0.84626,0.76684,0.78365
0.22482,0.68159,0.72364,0.09391,0.43874,0.59065,0.45963,0.123,0.48652,0.48875,0.69616,0.7189,0.28781,0.42158,0.44911,0.3884,0.66795,0.55485,0.71061,0.089838,0.45927,0.60072,0.42551,0.54883,0.72074,0.25653,0.69067,0.71805,0.49689,0.31172,0.61123,0.22445,0.35431,0.6938,0.76262,0.5186,0.69758,0.232,0.22253,0.36102,0.63829,0.66947,0.71444,0.75496,0.69561,0.74953,0.42785,0.6566,0.60994,0.70186,0.44432,0.30567,0.73602,0.64417,0.7715,0.76127,0.57857,0.47593,0.71835,0.64904,0.44952,0.31153,0.27662,0.71121,0.71296,0.691,0.45171,0.77132,0.72233,0.73634,0.72974,0.775,0.17031,0.75517,0.72925,0.342,0.075548,0.41204,0.36636,0.56636,0.60425,0.54911,0.72343,0.53834,0.52832,0.66346,0.59478,0.70219,1,0.67508,0.18824,0.28478,0.7298,0.68075,0.76406,0.22897,0.51737,0.77501,0.62791,0.66705
0.3308,0.90499,0.81544,0.15448,0.72489,0.77921,0.62551,0.20514,0.46748,0.7135,0.91317,0.91887,0.4561,0.69873,0.59576,0.5012,0.65633,0.66318,0.82864,0.25294,0.57025,0.537,0.40286,0.70767,0.8181,0.46692,0.94356,0.85607,0.48885,0.49376,0.81252,0.34424,0.54114,0.77896,0.88405,0.73929,0.89145,0.30332,0.27758,0.56423,0.7215,0.8605,0.85792,0.87372,0.74519,0.88841,0.56032,0.80746,0.85099,0.9168,0.51191,0.4406,0.83568,0.67817,0.88295,0.84656,0.76144,0.67884,0.81799,0.68559,0.56832,0.45846,0.48597,0.85856,0.91065,0.89673,0.64605,0.87883,0.92159,0.91712,0.89305,0.85742,0.19623,0.89959,0.9282,0.46882,0.18767,0.42332,0.45855,0.70193,0.78563,0.7959,0.88208,0.76219,0.73168,0.71145,0.74907,0.82233,0.67508,1,0.24397,0.39552,0.88729,0.90217,0.79467,0.25991,0.51728,0.87111,0.74131,0.78996
0.29262,0.28666,0.25068,0.10494,0.19357,0.2253,0.095936,0.058729,0.16818,0.41098,0.27684,0.26682,0.26084,0.24678,0.16393,0.3312,0.12467,0.24093,0.29724,0.043787,0.21068,0.17785,0.074363,0.22345,0.22551,0.22186,0.26414,0.19559,0.15416,0.35676,0.14801,0.25775,0.52125,0.35676,0.23133,0.34615,0.33166,0.294,0.11283,0.33575,0.2655,0.32717,0.26452,0.25791,0.23411,0.25452,0.32386,0.28987,0.44516,0.30741,0.18723,0.66484,0.33134,0.12471,0.21992,0.16881,0.45242,0.16089,0.18701,0.30827,0.24683,0.29282,0.14499,0.38099,0.2611,0.30011,0.25401,0.23081,0.21649,0.24887,0.21435,0.16652,0.1795,0.20867,0.27426,0.15201,0.048169,0.20145,0.27897,0.21989,0.23104,0.47617,0.19814,0.30863,0.24356,0.39813,0.30557,0.36406,0.18824,0.24397,1.0001,0.29164,0.21291,0.34258,0.21724,0.59664,0.2604,0.24764,0.35175,0.34683
0.27208,0.37755,0.34962,0.18134,0.22074,0.35379,0.1833,0.084974,0.20689,0.33813,0.37577,0.38122,0.23939,0.23825,0.28301,0.24983,0.26775,0.26958,0.30699,0.044621,0.22507,0.2452,0.19909,0.28465,0.32945,0.23235,0.40275,0.33425,0.20457,0.28869,0.31798,0.23611,0.32961,0.38939,0.35943,0.35954,0.38554,0.34226,0.13588,0.32579,0.30157,0.31687,0.35055,0.33819,0.30713,0.38696,0.27117,0.32623,0.43327,0.39026,0.29508,0.37197,0.36458,0.26525,0.34013,0.32632,0.3913,0.25931,0.33407,0.38144,0.3285,0.34988,0.19816,0.42755,0.36572,0.35472,0.26791,0.33964,0.34451,0.36502,0.3492,0.32142,0.13855,0.34057,0.37565,0.20875,0.058806,0.21009,0.29658,0.33014,0.31041,0.37421,0.33262,0.2704,0.30424,0.35066,0.38285,0.41787,0.28478,0.39552,0.29164,1,0.34905,0.36538,0.35589,0.26085,0.24262,0.33098,0.38113,0.40168
0.33616,0.91193,0.87428,0.15105,0.70732,0.80558,0.67455,0.201,0.49806,0.68182,0.93791,0.9282,0.47561,0.72388,0.52075,0.54176,0.69239,0.67931,0.82383,0.25452,0.62931,0.66322,0.46519,0.80884,0.85073,0.35385,0.90569,0.91141,0.53728,0.46968,0.81066,0.3304,0.54783,0.8406,0.96027,0.78935,0.92739,0.28558,0.29288,0.57297,0.79789,0.90774,0.91825,0.9262,0.80933,0.94034,0.61859,0.8391,0.81375,0.94289,0.56107,0.40735,0.87611,0.81698,0.93713,0.87705,0.76616,0.77171,0.88937,0.75782,0.61382,0.39232,0.47036,0.89754,0.95668,0.93247,0.59513,0.94382,0.93168,0.96278,0.91659,0.89486,0.20705,0.95926,0.95187,0.46045,0.10103,0.42372,0.5159,0.72818,0.82754,0.78571,0.91681,0.82161,0.80226,0.75136,0.77066,0.87183,0.7298,0.88729,0.21291,0.34905,1,0.91736,0.87569,0.24219,0.49457,0.92866,0.76468,0.81
0.45929,0.9201,0.8318,0.27207,0.78091,0.77044,0.67805,0.20606,0.52499,0.76458,0.92795,0.90492,0.49782,0.76408,0.60131,0.55156,0.66066,0.68383,0.85765,0.21679,0.59919,0.57751,0.39986,0.7907,0.82342,0.4774,0.90415,0.87323,0.52722,0.52512,0.77585,0.38182,0.64127,0.83319,0.91418,0.80246,0.91592,0.34124,0.31351,0.65279,0.78242,0.93441,0.90395,0.90497,0.77576,0.89547,0.63405,0.82991,0.89104,0.9439,0.54262,0.55084,0.90431,0.69658,0.89778,0.8188,0.79229,0.75248,0.83667,0.69549,0.60107,0.44771,0.52113,0.88762,0.93061,0.93315,0.66904,0.91428,0.92439,0.92748,0.8838,0.8478,0.24071,0.9231,0.94231,0.51821,0.16225,0.42924,0.53175,0.76293,0.83278,0.86533,0.91316,0.86303,0.82184,0.75062,0.76234,0.86917,0.68075,0.90217,0.34258,0.36538,0.91736,1,0.78725,0.3493,0.51677,0.89412,0.7822,0.82365
0.21287,0.80267,0.86832,0.075377,0.43341,0.74728,0.56927,0.14105,0.46409,0.55932,0.83017,0.85688,0.3714,0.49817,0.48671,0.49481,0.71991,0.5906,0.73451,0.16531,0.60182,0.7043,0.47516,0.63036,0.79544,0.18228,0.81507,0.84645,0.53735,0.39583,0.70938,0.25102,0.40259,0.76452,0.88919,0.63366,0.83647,0.23482,0.18788,0.3935,0.7178,0.77541,0.8273,0.87573,0.82827,0.89636,0.5458,0.78282,0.6902,0.82624,0.5091,0.32936,0.78784,0.83721,0.89297,0.88273,0.72698,0.56836,0.85197,0.7897,0.54572,0.37596,0.29161,0.8625,0.85702,0.82055,0.48805,0.87164,0.84641,0.87821,0.87032,0.86182,0.19768,0.87092,0.85669,0.34163,0.053394,0.33176,0.42567,0.64825,0.69829,0.62488,0.81542,0.62333,0.61149,0.73766,0.68768,0.77282,0.76406,0.79467,0.21724,0.35589,0.87569,0.78725,1,0.27102,0.54781,0.87953,0.68971,0.75122
0.35538,0.32465,0.2561,0.11807,0.19645,0.25972,0.096273,0.05003,0.1618,0.44856,0.29817,0.30111,0.22273,0.26277,0.17256,0.16143,0.13577,0.2041,0.31311,0.087858,0.13459,0.17853,0.071157,0.24062,0.20301,0.20752,0.28331,0.21612,0.17081,0.45344,0.14769,0.27402,0.65114,0.43349,0.26648,0.45647,0.40342,0.20087,0.10572,0.36304,0.32213,0.36104,0.29805,0.30499,0.17778,0.29193,0.36141,0.2205,0.43208,0.32949,0.15708,0.72149,0.38638,0.13463,0.24067,0.19078,0.56137,0.16589,0.20556,0.40007,0.28495,0.37633,0.13924,0.50371,0.29409,0.32366,0.25876,0.25292,0.22186,0.25768,0.22938,0.19653,0.15681,0.23469,0.30108,0.1468,0.047903,0.20275,0.24079,0.2514,0.2812,0.48394,0.23087,0.31872,0.2758,0.44196,0.34392,0.41117,0.22897,0.25991,0.59664,0.26085,0.24219,0.3493,0.27102,1.0001,0.19873,0.26964,0.28685,0.26404
0.15153,0.50562,0.57984,0.085356,0.28038,0.45532,0.30283,0.06598,0.29852,0.3751,0.52039,0.54533,0.25694,0.27804,0.35958,0.42325,0.39079,0.42012,0.59305,0.10649,0.55206,0.43738,0.33726,0.34067,0.58234,0.16228,0.51403,0.5156,0.32004,0.20497,0.48071,0.13634,0.27074,0.50925,0.53535,0.3349,0.54438,0.22666,0.12312,0.25068,0.34826,0.52492,0.51621,0.55157,0.56137,0.53807,0.28639,0.68377,0.53241,0.56294,0.37265,0.29561,0.52346,0.52204,0.5897,0.58316,0.44645,0.29606,0.53045,0.45566,0.31667,0.25429,0.19557,0.54041,0.53696,0.52237,0.36448,0.53006,0.53493,0.57819,0.53724,0.55073,0.36145,0.5149,0.55589,0.24149,0.067295,0.20905,0.25091,0.40576,0.40109,0.46261,0.49434,0.40789,0.34587,0.58794,0.42882,0.50592,0.51737,0.51728,0.2604,0.24262,0.49457,0.51677,0.54781,0.19873,1,0.60186,0.55674,0.58704
0.29732,0.88919,0.87912,0.13558,0.64941,0.78338,0.62097,0.17317,0.52019,0.64586,0.91138,0.91655,0.47905,0.66075,0.54395,0.51603,0.72287,0.65537,0.87111,0.2949,0.66228,0.65787,0.43359,0.73337,0.86307,0.33131,0.88842,0.89451,0.53522,0.40252,0.82795,0.3043,0.50603,0.82746,0.94489,0.70648,0.91924,0.28051,0.26171,0.50108,0.77413,0.90528,0.90379,0.9251,0.82213,0.90817,0.54894,0.86668,0.81038,0.92495,0.53686,0.40613,0.89178,0.80212,0.95603,0.91475,0.74298,0.69107,0.88086,0.73665,0.56684,0.37492,0.40701,0.88838,0.93522,0.90609,0.59034,0.92959,0.9146,0.94729,0.91022,0.92719,0.2386,0.93604,0.93694,0.45154,0.098465,0.41247,0.47373,0.69564,0.78485,0.76641,0.90527,0.76369,0.73273,0.80066,0.73592,0.84626,0.77501,0.87111,0.24764,0.33098,0.92866,0.89412,0.87953,0.26964,0.60186,1,0.78915,0.83207
0.3583,0.77438,0.72233,0.22921,0.56242,0.67804,0.50181,0.13775,0.44333,0.60157,0.78626,0.77692,0.45186,0.58711,0.49269,0.49773,0.56355,0.56462,0.72565,0.24455,0.57598,0.55398,0.38064,0.6221,0.74028,0.34489,0.76364,0.7447,0.47015,0.41267,0.69613,0.31221,0.49841,0.73246,0.77906,0.62158,0.78926,0.3403,0.25979,0.51572,0.64565,0.76113,0.75008,0.7634,0.68044,0.76419,0.48937,0.76522,0.78126,0.80473,0.51069,0.48613,0.76043,0.63674,0.78837,0.74511,0.6539,0.58091,0.73295,0.64617,0.52213,0.3876,0.38279,0.76522,0.78899,0.7631,0.5334,0.76735,0.75704,0.79503,0.7505,0.75006,0.25356,0.76908,0.79389,0.40778,0.099845,0.37125,0.50295,0.6268,0.65883,0.7195,0.75768,0.66293,0.64404,0.69287,0.63763,0.76684,0.62791,0.74131,0.35175,0.38113,0.76468,0.7822,0.68971,0.28685,0.55674,0.78915,1,0.79505
0.35082,0.82539,0.7735,0.24483,0.56793,0.70569,0.52951,0.15991,0.45654,0.61154,0.82874,0.82487,0.47864,0.60965,0.52711,0.52797,0.59201,0.609,0.77023,0.2765,0.60828,0.58854,0.40554,0.61745,0.77765,0.38173,0.80954,0.78351,0.47937,0.40119,0.75426,0.33597,0.46102,0.73911,0.82538,0.62354,0.82591,0.397,0.23769,0.51617,0.6569,0.79251,0.78626,0.80523,0.71696,0.80335,0.48648,0.79209,0.81891,0.84777,0.53973,0.47255,0.79262,0.69924,0.8355,0.79621,0.68552,0.58797,0.776,0.66397,0.54075,0.34647,0.39651,0.80135,0.83768,0.79834,0.52713,0.80189,0.79829,0.84413,0.7944,0.80602,0.27767,0.81025,0.84121,0.4163,0.12072,0.38277,0.52034,0.67055,0.6636,0.72585,0.81077,0.66906,0.63482,0.70573,0.66296,0.78365,0.66705,0.78996,0.34683,0.40168,0.81,0.82365,0.75122,0.26404,0.58704,0.83207,0.79505,1
